{
  "createdWith": "Open Stage Control",
  "version": "1.16.0",
  "type": "session",
  "content": {
    "type": "root",
    "lock": false,
    "id": "root",
    "visible": true,
    "interaction": true,
    "comments": "",
    "width": "auto",
    "height": "auto",
    "colorText": "#7aafea",
    "colorWidget": "#e8e8e8",
    "alphaFillOn": "auto",
    "padding": "auto",
    "html": "",
    "css": "//:host{\n//  background: url(Images/AssCapture.png) no-repeat center;\n//  background-size: cover;\n//  \n//}\n\n:host{\n  background-color: #808080;\n}\n\n\n@keyframes upndown {\n    0% {\n      transform: Scale(100%);\n      filter: blur(0px);\n    }\n    65% {\n      transform: Scale(125%);\n      filter: blur(2.5px);\n    }\n    100% {\n      transform: Scale(100%);\n      filter: blur(0px);\n    }\n  }\n\n@keyframes back {\n    0% {\n      transform: Scale(100%);\n      filter: blur(0px) drop-shadow(2.5px 5px 0px #000000);\n    }\n    50% {\n      transform: Scale(120%);\n      filter: blur(2.5px);\n    }\n    65%{\n      transform: Scale(80%);\n      filter: blur(5px);\n    }\n    100%{\n      transform: Scale(100%);\n      filter: blur(0px) drop-shadow(2.5px 5px 5px #000000);\n    }\n  }\n\n\n@keyframes upndown_Fast {\n    0% {\n      transform: Scale(100%);\n    }\n    65% {\n      transform: Scale(125%);\n    }\n    100% {\n      transform: Scale(100%);\n    }\n  }\n\n@keyframes back_Fast {\n    0% {\n      transform: Scale(100%);\n    }\n    50% {\n      transform: Scale(120%);\n    }\n    65%{\n      transform: Scale(80%);\n    }\n    100%{\n      transform: Scale(100%);\n    }\n  }\n\n\n@keyframes Floating {\n    25% {\n      transform: Scale(75%);\n    }\n    50% {\n      transform: Scale(135%);\n    }\n    100% {\n      transform: Scale(100%);\n    }\n  }\n  \n@keyframes FloatingI {\n    25% {\n      transform: Scale(135%);\n    }\n    50% {\n      transform: Scale(75%);\n    }\n    100% {\n      transform: Scale(100%);\n    }\n  }\n\n\n@keyframes Show {\n    0% {\n      transform: Scale(0%);\n    }\n    50% {\n      transform: Scale(135%);\n    }\n    100% {\n      transform: Scale(100%);\n    }\n  }\n  \n@keyframes hide {\n    0% {\n      transform: Scale(100%);\n    }\n    35% {\n      transform: Scale(135%);\n    }\n    100% {\n      transform: Scale(0%);\n    }\n  }\n",
    "colorBg": "rgba(52,62,77,1)",
    "layout": "default",
    "justify": "start",
    "gridTemplate": "",
    "contain": true,
    "scroll": true,
    "innerPadding": true,
    "verticalTabs": false,
    "hideMenu": false,
    "variables": "@{parent.variables}",
    "traversing": false,
    "value": "",
    "default": "",
    "linkId": "",
    "address": "auto",
    "preArgs": "",
    "typeTags": "",
    "decimals": 2,
    "target": "",
    "ignoreDefaults": false,
    "bypass": false,
    "onCreate": "",
    "onValue": "",
    "widgets": [
      {
        "type": "modal",
        "top": 220,
        "left": 300,
        "lock": false,
        "id": "CSS_Modal",
        "visible": true,
        "interaction": true,
        "comments": "",
        "width": 170,
        "height": 60,
        "expand": "false",
        "colorText": "rgba(240,240,240,1)",
        "colorWidget": "auto",
        "colorStroke": "auto",
        "colorFill": "auto",
        "alphaStroke": "auto",
        "alphaFillOff": "auto",
        "alphaFillOn": "auto",
        "lineWidth": "auto",
        "padding": "auto",
        "css": "background: rgb(119,102,204);\nbackground: linear-gradient(299deg, rgba(119,102,204,1) 0%, rgba(102,167,204,1) 16%, rgba(102,204,153,1) 51%, rgba(204,163,102,1) 77%, rgba(207,87,87,1) 100%);",
        "doubleTap": false,
        "value": "",
        "default": "",
        "linkId": "",
        "address": "auto",
        "preArgs": "",
        "typeTags": "",
        "decimals": 2,
        "target": "",
        "ignoreDefaults": false,
        "bypass": false,
        "onCreate": "",
        "onValue": "",
        "label": "Cinematic Studio Strings",
        "layout": "default",
        "gridTemplate": "",
        "colorBg": "auto",
        "justify": "start",
        "contain": true,
        "scroll": true,
        "innerPadding": true,
        "variables": "@{parent.variables}",
        "traversing": false,
        "widgets": [
          {
            "type": "panel",
            "top": 0,
            "left": 70,
            "lock": false,
            "id": "CSS_Panel",
            "visible": true,
            "interaction": true,
            "comments": "",
            "width": 920,
            "height": 400,
            "expand": "false",
            "colorText": "rgba(255,255,255,1)",
            "colorWidget": "auto",
            "colorStroke": "auto",
            "colorFill": "auto",
            "alphaStroke": "auto",
            "alphaFillOff": "auto",
            "alphaFillOn": "auto",
            "lineWidth": 1,
            "padding": "auto",
            "html": "",
            "css": ":host{\n  border-radius:28px;\n  background-color: #303030;\n}\n\n@keyframes upndown_css {\n    0% {\n      font-size: 100%;\n    }\n    65% {\n      font-size: 135%;\n    }\n    100% {\n      font-size: 100%;\n    }\n  }\n\n@keyframes back_css {\n    0% {\n      font-size: 100%;\n    }\n    50% {\n      font-size: 135%;\n    }\n    65%{\n      font-size: 70%;\n    }\n    100%{\n      font-size: 100%;\n    }\n  }\n  \n  \n  \n  \n@keyframes fader_close {\n    0% {\n      transform: Scale(80%);\n      box-shadow: -5px 5px 0pt black;\n    }\n    100% {\n      transform: Scale(100%);\n      box-shadow: -5px 5px 13pt black;\n    }\n  }\n\n@keyframes fader_close_back {\n    0% {\n      transform: Scale(100%);\n      box-shadow: -5px 5px 13pt black;\n    }\n    100%{\n      transform: Scale(80%);\n      box-shadow: -5px 5px 0pt black;\n    }\n  }\n  \n  @keyframes fader_main {\n    0% {\n      transform: Scale(80%);\n      box-shadow: 0px 5px 0pt black;\n    }\n    100% {\n      transform: Scale(100%);\n      box-shadow: 0px 5px 13pt black;\n    }\n  }\n\n@keyframes fader_main_back {\n    0% {\n      transform: Scale(100%);\n      box-shadow: 0px 5px 13pt black;\n    }\n    100%{\n      transform: Scale(80%);\n      box-shadow: 0px 5px 0pt black;\n    }\n  }\n  \n  @keyframes fader_room {\n    0% {\n      transform: Scale(80%);\n      box-shadow: 5px 5px 0pt black;\n    }\n    100% {\n      transform: Scale(100%);\n      box-shadow: 5px 5px 13pt black;\n    }\n  }\n\n@keyframes fader_room_back {\n    0% {\n      transform: Scale(100%);\n      box-shadow: 5px 5px 13pt black;\n    }\n    100%{\n      transform: Scale(80%);\n      box-shadow: 5px 5px 0pt black;\n    }\n  }",
            "colorBg": "auto",
            "layout": "default",
            "justify": "start",
            "gridTemplate": "",
            "contain": true,
            "scroll": true,
            "innerPadding": true,
            "verticalTabs": false,
            "variables": "@{parent.variables}",
            "traversing": "smart",
            "value": "",
            "default": "",
            "linkId": "",
            "address": "auto",
            "preArgs": "",
            "typeTags": "",
            "decimals": 2,
            "target": "",
            "ignoreDefaults": false,
            "bypass": false,
            "onCreate": "",
            "onValue": "",
            "widgets": [
              {
                "type": "switch",
                "top": 20,
                "left": 200,
                "lock": false,
                "id": "CSS",
                "visible": true,
                "interaction": true,
                "comments": "",
                "width": 160,
                "height": 310,
                "expand": false,
                "colorText": "rgba(121,233,255,1)",
                "colorWidget": 0,
                "colorStroke": 0,
                "colorFill": 0,
                "alphaStroke": 0,
                "alphaFillOff": 0,
                "alphaFillOn": 0,
                "lineWidth": 0,
                "padding": -6,
                "html": "",
                "css": "class: anitime;\nclass: invert_on;\nclass: invert_off;\n\n:host{\n  border-radius: 1px;\n  font-size: 90%;\n  font-weight: bold;\n}\n\n\n\nvalue:nth-child(1)::before {\n  content: \"\";\n  display: block;\n  width: 100%;\n  height: 100%;\n  position: absolute;\n  top: 0;\n  left: 0;\n  opacity: 1;\n  z-index: -5;\n  background-image: url(Images/CSS_Icons/4th_note_Sib_V.png);\n  background-repeat: no-repeat;\n  background-size: 100% 100%;\n}\n\n\nvalue:nth-child(1)::after {\n  content: \"\";\n  display: block;\n  width: 100%;\n  height: 100%;\n  position: absolute;\n  background-color: white;\n  top: 0;\n  left: 0;\n  opacity: 1;\n  z-index: -2;\n  transform: #{@{this} == 7 ? 'Scale(100%)' : 'Scale(0%)'};\n  transition: transform 0.35s ease-out;\n  border-radius: 100px;\n  mix-blend-mode: screen;\n}\n\nvalue:nth-child(1) > * {\n  z-index: 10;\n  position: relative;\n}\n\nvalue:nth-child(1) {\n  position: relative;\n  border-radius: 10px;\n  background-size: 100% 100%;\n  width: 84%;\n  height: 80%;\n  left: 2.6px;\n  top: 5.6px;\n  text-align: center;\n  display: flex;\n  filter: #{@{this} == 7 ? 'var(--inverton)' : 'var(--invertoff)'};\n  animation: #{@{this} == 7 ? 'upndown_css var(--anitime)' : 'back_css var(--anitime)'} ease-in-out;\n  color: black;\n  transition: color 0.5s ease-in-out, filter 0.4s ease-in-out;\n  opacity: 1;\n  box-shadow: 0 0 0 2pt black;\n  z-index: 10;\n}\n\n\n\nvalue:nth-child(2)::before {\n  content: \"\";\n  display: block;\n  width: 100%;\n  height: 100%;\n  position: absolute;\n  top: 0;\n  left: 0;\n  opacity: 1;\n  z-index: -2;\n  background-image: url(Images/CSS_Icons/Staccato_Sib_V.png);\n  background-repeat: no-repeat;\n  background-size: 100% 100%;\n}\n\n\nvalue:nth-child(2)::after {\n  content: \"\";\n  display: block;\n  width: 100%;\n  height: 100%;\n  position: absolute;\n  background-color: white;\n  top: 0;\n  left: 0;\n  opacity: 1;\n  z-index: -1;\n  transform: #{@{this} == 12 ? 'Scale(110%)' : 'Scale(0%)'};\n  transition: transform 0.35s ease-out;\n  border-radius: 100px;\n  mix-blend-mode: screen;\n}\n\nvalue:nth-child(2) > * {\n  z-index: 10;\n  position: relative;\n}\n\nvalue:nth-child(2) {\n  position:relative;\n  border-radius: 10px;\n  background-size: 100% 100%;\n  width: 84%;\n  height: 80%;\n  top: 5.6px;\n  left: 2.6px;\n  text-align: center;\n  display: flex;\n  transform: translateX(0%);\n  filter: #{@{this} == 12 ? 'var(--inverton)' : 'var(--invertoff)'} contrast(106%);\n  animation: #{@{this} == 12 ? 'upndown_css var(--anitime)' : 'back_css var(--anitime)'} ease-in-out;\n  color: black;\n  transition: color 0.5s ease-in-out, filter 0.4s ease-in-out;\n  opacity: 1;\n  box-shadow: 0 0 0 2pt black;\n}\n\n\n\nvalue:nth-child(3)::before {\n  content: \"\";\n  display: block;\n  width: 100%;\n  height: 100%;\n  position: absolute;\n  top: 0;\n  left: 0;\n  opacity: 1;\n  z-index: -2;\n  background-image: url(Images/CSS_Icons/Tremolo_Sib_V.png);\n  background-repeat: no-repeat;\n  background-size: 100% 100%;\n}\n\n\nvalue:nth-child(3)::after {\n  content: \"\";\n  display: block;\n  width: 100%;\n  height: 100%;\n  position: absolute;\n  background-color: white;\n  top: 0;\n  left: 0;\n  opacity: 1;\n  z-index: -1;\n  transform: #{@{this} == 57 ? 'Scale(100%)' : 'Scale(0%)'};\n  transition: transform 0.35s ease-out;\n  border-radius: 100px;\n  mix-blend-mode: screen;\n}\n\nvalue:nth-child(3) > * {\n  z-index: 10;\n  position: relative;\n}\n\nvalue:nth-child(3) {\n  position:relative;\n  border-radius: 10px;\n  background-size: 100% 100%;\n  width: 84%;\n  height: 84%;\n  top: 2.6px;\n  left: 2.6px;\n  text-align: center;\n  display: flex;\n  transform: translateX(0%);\n  filter: #{@{this} == 57 ? 'var(--inverton)' : 'var(--invertoff)'};\n  animation: #{@{this} == 57 ? 'upndown_css var(--anitime)' : 'back_css var(--anitime)'} ease-in-out;\n  color: black;\n  transition: color 0.5s ease-in-out, filter 0.4s ease-in-out;\n  opacity: 1;\n  z-index: 10;\n  box-shadow: 0 0 0 2pt black;\n}\n\n\nvalue:nth-child(4)::before {\n  content: \"\";\n  display: block;\n  width: 100%;\n  height: 100%;\n  position: absolute;\n  top: 0;\n  left: 0;\n  opacity: 1;\n  z-index: -2;\n  background-image: url(Images/CSS_Icons/Harmonic_Sib_V.png);\n  background-repeat: no-repeat;\n  background-size: 100% 100%;\n}\n\n\nvalue:nth-child(4)::after {\n  content: \"\";\n  display: block;\n  width: 100%;\n  height: 100%;\n  position: absolute;\n  background-color: white;\n  top: 0;\n  left: 0;\n  opacity: 1;\n  z-index: -1;\n  transform: #{@{this} == 52 ? 'Scale(100%)' : 'Scale(0%)'};\n  transition: transform 0.35s ease-out;\n  border-radius: 100px;\n  mix-blend-mode: screen;\n}\n\nvalue:nth-child(4) > * {\n  z-index: 10;\n  position: relative;\n}\n\nvalue:nth-child(4) {\n  position:relative;\n  border-radius: 10px;\n  background-size: 100% 100%;\n  width: 84%;\n  height: 84%;\n  top: 2.6px;\n  left: 2.6px;\n  text-align: center;\n  display: flex;\n  transform: translateX(0%);\n  filter: #{@{this} == 52 ? 'var(--inverton)' : 'var(--invertoff)'};\n  animation: #{@{this} == 52 ? 'upndown_css var(--anitime)' : 'back_css var(--anitime)'} ease-in-out;\n  color: black;\n  transition: color 0.5s ease-in-out, filter 0.4s ease-in-out;\n  opacity: 1;\n  z-index: 10;\n  box-shadow: 0 0 0 2pt black;\n}\n\n\nvalue:nth-child(5)::before {\n  content: \"\";\n  display: block;\n  width: 100%;\n  height: 100%;\n  position: absolute;\n  top: 0;\n  left: 0;\n  opacity: 1;\n  z-index: -2;\n  background-image: url(Images/CSS_Icons/Trills_Sib_V.png);\n  background-repeat: no-repeat;\n  background-size: 100% 100%;\n}\n\n\nvalue:nth-child(5)::after {\n  content: \"\";\n  display: block;\n  width: 100%;\n  height: 100%;\n  position: absolute;\n  background-color: white;\n  top: 0;\n  left: 0;\n  opacity: 1;\n  z-index: -1;\n  transform: #{@{this} == 47 ? 'Scale(100%)' : 'Scale(0%)'};\n  transition: transform 0.35s ease-out;\n  border-radius: 100px;\n  mix-blend-mode: screen;\n}\n\nvalue:nth-child(5) > * {\n  z-index: 10;\n  position: relative;\n}\n\nvalue:nth-child(5) {\n  position:relative;\n  border-radius: 10px;\n  background-size: 100% 100%;\n  width: 84%;\n  height: 84%;\n  top: 2.6px;\n  left: 2.6px;\n  text-align: center;\n  display: flex;\n  transform: translateX(0%);\n  filter: #{@{this} == 47 ? 'var(--inverton)' : 'var(--invertoff)'};\n  animation: #{@{this} == 47 ? 'upndown_css var(--anitime)' : 'back_css var(--anitime)'} ease-in-out;\n  color: black;\n  transition: color 0.5s ease-in-out, filter 0.4s ease-in-out;\n  opacity: 1;\n  z-index: 10;\n  box-shadow: 0 0 0 2pt black;\n}\n\n\n\nvalue:nth-child(6)::before {\n  content: \"\";\n  display: block;\n  width: 100%;\n  height: 100%;\n  position: absolute;\n  top: 0;\n  left: 0;\n  opacity: 1;\n  z-index: -5;\n  background-image: url(Images/CSS_Icons/Tremolo_Sib_V.png);\n  background-repeat: no-repeat;\n  background-size: 100% 100%;\n}\n\n\nvalue:nth-child(6)::after {\n  content: \"\";\n  display: block;\n  width: 100%;\n  height: 100%;\n  position: absolute;\n  background-color: white;\n  top: 0;\n  left: 0;\n  opacity: 1;\n  z-index: -2;\n  transform: #{@{this} == 62 ? 'Scale(100%)' : 'Scale(0%)'};\n  transition: transform 0.35s ease-out;\n  border-radius: 100px;\n  mix-blend-mode: screen;\n}\n\nvalue:nth-child(6) > * {\n  z-index: 10;\n  position: relative;\n}\n\nvalue:nth-child(6) {\n  position: relative;\n  border-radius: 10px;\n  background-size: 100% 100%;\n  width: 84%;\n  height: 84%;\n  left: 2.6px;\n  top: 2.6px;\n  text-align: center;\n  display: flex;\n  transform: translateX(0%);\n  filter: #{@{this} == 62 ? 'var(--inverton)' : 'var(--invertoff)'};\n  animation: #{@{this} == 62 ? 'upndown_css var(--anitime)' : 'back_css var(--anitime)'} ease-in-out;\n  color: black;\n  transition: color 0.5s ease-in-out, filter 0.4s ease-in-out;\n  opacity: 1;\n  box-shadow: 0 0 0 2pt black;\n  z-index: 10;\n}\n\n\n\nvalue:nth-child(7)::before {\n  content: \"\";\n  display: block;\n  width: 100%;\n  height: 100%;\n  position: absolute;\n  top: 0;\n  left: 0;\n  opacity: 1;\n  z-index: -5;\n  background-image: url(Images/CSS_Icons/Marcato_Sib_V.png);\n  background-repeat: no-repeat;\n  background-size: 100% 100%;\n}\n\n\nvalue:nth-child(7)::after {\n  content: \"\";\n  display: block;\n  width: 100%;\n  height: 100%;\n  position: absolute;\n  background-color: white;\n  top: 0;\n  left: 0;\n  opacity: 1;\n  z-index: -2;\n  transform: #{@{this} == 67 ? 'Scale(100%)' : 'Scale(0%)'};\n  transition: transform 0.35s ease-out;\n  border-radius: 100px;\n  mix-blend-mode: screen;\n}\n\nvalue:nth-child(7) > * {\n  z-index: 10;\n  position: relative;\n}\n\nvalue:nth-child(7) {\n  position: relative;\n  border-radius: 10px;\n  background-size: 100% 100%;\n  width: 84%;\n  height: 84%;\n  left: 2.6px;\n  top: 2.6px;\n  text-align: center;\n  display: flex;\n  transform: translateX(0%);\n  filter: #{@{this} == 67 ? 'var(--inverton)' : 'var(--invertoff)'};\n  animation: #{@{this} == 67 ? 'upndown_css var(--anitime)' : 'back_css var(--anitime)'} ease-in-out;\n  color: black;\n  transition: color 0.5s ease-in-out, filter 0.4s ease-in-out;\n  opacity: 1;\n  box-shadow: 0 0 0 2pt black;\n  z-index: 10;\n}\n\n\n\nvalue:nth-child(8)::before {\n  content: \"\";\n  display: block;\n  width: 100%;\n  height: 100%;\n  position: absolute;\n  top: 0;\n  left: 0;\n  opacity: 1;\n  z-index: -5;\n  background-image: url(Images/CSS_Icons/Pizz_Sib_V.png);\n  background-repeat: no-repeat;\n  background-size: 100% 100%;\n}\n\n\nvalue:nth-child(8)::after {\n  content: \"\";\n  display: block;\n  width: 100%;\n  height: 100%;\n  position: absolute;\n  background-color: white;\n  top: 0;\n  left: 0;\n  opacity: 1;\n  z-index: -2;\n  transform: #{@{this} == 32 ? 'Scale(100%)' : 'Scale(0%)'};\n  transition: transform 0.35s ease-out;\n  border-radius: 100px;\n  mix-blend-mode: screen;\n}\n\nvalue:nth-child(8) > * {\n  z-index: 10;\n  position: relative;\n}\n\nvalue:nth-child(8) {\n  position: relative;\n  border-radius: 10px;\n  background-size: 100% 100%;\n  width: 84%;\n  height: 84%;\n  left: 2.6px;\n  top: 2.6px;\n  text-align: center;\n  display: flex;\n  transform: translateX(0%);\n  filter: #{@{this} == 32 ? 'var(--inverton)' : 'var(--invertoff)'};\n  animation: #{@{this} == 32 ? 'upndown_css var(--anitime)' : 'back_css var(--anitime)'} ease-in-out;\n  color: black;\n  transition: color 0.5s ease-in-out, filter 0.4s ease-in-out;\n  opacity: 1;\n  box-shadow: 0 0 0 2pt black;\n  z-index: 10;\n}",
                "colorTextOn": "auto",
                "wrap": false,
                "mode": "tap",
                "value": "",
                "default": "",
                "linkId": "",
                "address": "/control",
                "preArgs": "",
                "typeTags": "",
                "decimals": 2,
                "target": "midi:MyMIDI",
                "ignoreDefaults": false,
                "bypass": false,
                "onCreate": "",
                "onValue": "locals.switch = get(\"CSSPatchSwitch\")\nlocals.artState = get(\"Art_State_Switch\")\n\nconsole.log(value);\n\n\nif(locals.switch == 1) locals.preArgs = [1, 58]\nelse if(locals.switch == 2) locals.preArgs = [2, 58], locals.preArgs_b = [6, 61]\nelse if(locals.switch == 3) locals.preArgs = [3, 58], locals.preArgs_b = [7, 62]\nelse if(locals.switch == 4) locals.preArgs = [4, 58]\nelse if(locals.switch == 5) locals.preArgs = [5, 58]\n\n\n\n\n\nif(locals.switch == 6){\n  send(\"/control\", 1, 58, value)\n  send(\"/control\", 2, 58, value)\n  send(\"/control\", 3, 58, value)\n  send(\"/control\", 4, 58, value)\n  send(\"/control\", 5, 58, value)\n  Object.keys(locals.artState).forEach(k => locals.artState[k] = value)\n} else {\n  if(locals.switch == 1) locals.artState.vln1 = value\n  else if(locals.switch == 2) locals.artState.vln2 = value\n  else if(locals.switch == 3) locals.artState.vla = value\n  else if(locals.switch == 4) locals.artState.vc = value\n  else if(locals.switch == 5) locals.artState.vb = value\n\n  send(\"/control\", locals.preArgs[0], locals.preArgs[1], value)\n}\n\n  if(locals.switch == 2){\n    send(\"/control\", locals.preArgs_b[0], locals.preArgs_b[1], value)\n  }\n  if(locals.switch == 3){\n    send(\"/control\", locals.preArgs_b[0], locals.preArgs_b[1], value)\n  }\n\n\n\nset(\"Art_State_Switch\", locals.artState)",
                "layout": "grid",
                "gridTemplate": 2,
                "values": {
                  "Sustain": 7,
                  "Staccato\n(Spiccato)": 12,
                  "Tremolo": 57,
                  "Harmonic": 52,
                  "Trills": 47,
                  "MeasuredT": 62,
                  "Marcato": 67,
                  "Pizzicato": 32
                }
              },
              {
                "type": "button",
                "top": 70,
                "left": 90,
                "lock": false,
                "id": "CSSLegato",
                "visible": true,
                "interaction": true,
                "comments": "",
                "width": 80,
                "height": 39.99999999999999,
                "expand": "false",
                "colorText": "rgba(222,222,222,1)",
                "colorWidget": "rgba(232,232,232,0)",
                "colorStroke": "auto",
                "colorFill": "rgba(232,232,232,0)",
                "alphaStroke": "auto",
                "alphaFillOff": 0,
                "alphaFillOn": 0,
                "lineWidth": "auto",
                "padding": "auto",
                "html": "",
                "css": ":host {\n  class:round5;\n  background-color: #{@{this} == 76? '#FFFFF0' : '#606060'};\n  transform: #{@{this} == 76? 'Scale(117%)' : 'Scale(100%)'};\n  box-shadow: #{@{this} == 76? '3px 7px 10px black' : '3px 7px 0px black'};\n  transition: background-color 0.4s ease-in-out, transform 0.3s ease-in-out, box-shadow 0.3s ease-in-out;\n  filter: brightness(98%) contrast(90%);\n}",
                "colorTextOn": "auto",
                "label": "Legato",
                "vertical": false,
                "wrap": false,
                "on": 76,
                "off": 81,
                "mode": "toggle",
                "doubleTap": false,
                "value": "",
                "default": "",
                "linkId": "",
                "address": "/control",
                "preArgs": "",
                "typeTags": "",
                "decimals": 3,
                "target": "midi:MyMIDI",
                "ignoreDefaults": false,
                "bypass": false,
                "onCreate": "",
                "onValue": "if(@{CSSPatchSwitch} == 1){\n  send(\"/control\", 1, 58, value);\n}\n\nif(@{CSSPatchSwitch} == 2){\n  send(\"/control\", 2, 58, value);\n}\n\nif(@{CSSPatchSwitch} == 3){\n  send(\"/control\", 3, 58, value);\n}\n\nif(@{CSSPatchSwitch} == 4){\n  send(\"/control\", 4, 58, value);\n}\n\nif(@{CSSPatchSwitch} == 5){\n  send(\"/control\", 5, 58, value);\n}\n\nif(@{CSSPatchSwitch} == 6){\n  send(\"/control\", 1, 58, value);\n  send(\"/control\", 2, 58, value);\n  send(\"/control\", 3, 58, value);\n  send(\"/control\", 4, 58, value);\n  send(\"/control\", 5, 58, value);\n}"
              },
              {
                "type": "fader",
                "top": 70,
                "left": 460,
                "lock": false,
                "id": "close_mic_fader",
                "visible": true,
                "interaction": true,
                "comments": "",
                "width": 90,
                "height": 250,
                "expand": false,
                "colorText": "auto",
                "colorWidget": "auto",
                "colorStroke": "auto",
                "colorFill": "auto",
                "alphaStroke": "auto",
                "alphaFillOff": "auto",
                "alphaFillOn": "auto",
                "lineWidth": "auto",
                "padding": 20,
                "html": "Close",
                "css": ":host {\n  #{locals.switchName = @{CSSCloseSwitch}};\n  background: #{locals.switchName == 1? '#cf5757' : ''};\n  background: #{locals.switchName == 2? '#cca366' : ''};\n  background: #{locals.switchName == 3? '#66cc99' : ''};\n  background: #{locals.switchName == 4? '#66a7cc' : ''};\n  background: #{locals.switchName == 5? '#7766cc' : ''};\n  background: #{locals.switchName == 6? 'rgba(119,102,204,0) linear-gradient(299deg, rgba(119,102,204,1) 0%, rgba(102,167,204,1) 16%, rgba(102,204,153,1) 51%, rgba(204,163,102,1) 77%, rgba(207,87,87,1) 100%) center' : ''};\n  transition: background-color 0.25s ease-in-out;\n  border-top: solid 10px rgba(50,50,50,0.5);\n  animation: #{@{Close_touch} == 1 ? 'fader_close 0.25s ease-in-out forwards' : 'fader_close_back 0.5s ease-in-out forwards'};\n}",
                "value": "",
                "default": 112.97,
                "linkId": "",
                "address": "auto",
                "preArgs": "",
                "typeTags": "",
                "decimals": 2,
                "target": "midi:MyMIDI:5",
                "ignoreDefaults": false,
                "bypass": false,
                "onCreate": "",
                "onValue": "if(locals.switch == 6){\n  send(\"/control\", 1, 60, value)\n  send(\"/control\", 2, 61, value)\n  send(\"/control\", 3, 62, value)\n  send(\"/control\", 4, 63, value)\n  send(\"/control\", 5, 65, value)\n  Object.keys(locals.faderState).forEach(k => locals.faderState[k] = value)\n} else {\n  if(locals.switch == 1) locals.faderState.vln1 = value\n  else if(locals.switch == 2) locals.faderState.vln2 = value\n  else if(locals.switch == 3) locals.faderState.vla = value\n  else if(locals.switch == 4) locals.faderState.vc = value\n  else if(locals.switch == 5) locals.faderState.vb = value\n\n  send(\"/control\", locals.preArgs[0], locals.preArgs[1], value)\n}\n\n  if(locals.switch == 2){\n    send(\"/control\", locals.preArgs_b[0], locals.preArgs_b[1], value)\n  }\n  if(locals.switch == 3){\n    send(\"/control\", locals.preArgs_b[0], locals.preArgs_b[1], value)\n  }\n\n\n\nset(\"close_mic_state\", locals.faderState)",
                "design": "default",
                "knobSize": 30,
                "horizontal": false,
                "pips": false,
                "dashed": false,
                "gradient": [],
                "snap": false,
                "spring": false,
                "doubleTap": true,
                "range": {
                  "min": 0,
                  "max": 127
                },
                "logScale": false,
                "sensitivity": 1,
                "steps": "",
                "origin": "auto",
                "onTouch": "locals.switch = get(\"CSSCloseSwitch\")\nlocals.faderState = get(\"close_mic_state\")\n\nif (event.type == 'start') {\n  if(locals.switch == 1) locals.preArgs = [1, 60]\n  else if(locals.switch == 2) locals.preArgs = [2, 61], locals.preArgs_b = [6, 61]\n  else if(locals.switch == 3) locals.preArgs = [3, 62], locals.preArgs_b = [7, 62]\n  else if(locals.switch == 4) locals.preArgs = [4, 63]\n  else if(locals.switch == 5) locals.preArgs = [5, 65]\n}\nset(\"Close_touch\", 1)\nset(\"Main_touch\", 0)\nset(\"Room_touch\", 0)"
              },
              {
                "type": "dropdown",
                "top": 320,
                "left": 460,
                "lock": false,
                "id": "CSSCloseSwitch",
                "visible": true,
                "interaction": true,
                "comments": "",
                "width": 90,
                "height": 30,
                "expand": false,
                "colorText": "auto",
                "colorWidget": "auto",
                "colorStroke": "auto",
                "colorFill": "auto",
                "alphaStroke": 0,
                "alphaFillOff": 0,
                "alphaFillOn": "auto",
                "lineWidth": 0,
                "padding": "auto",
                "html": "",
                "css": ":host {\n  \n  background: #{@{this} == 1? '#cf5757' : ''};\n  background: #{@{this} == 1? '#cf5757' : ''};  \n  background: #{@{this} == 2? '#cca366' : ''};\n  background: #{@{this} == 3? '#66cc99' : ''};\n  background: #{@{this} == 4? '#66a7cc' : ''};\n  background: #{@{this} == 5? '#7766cc' : ''};\n  background: #{@{this} == 6? 'rgba(119,102,204,0) linear-gradient(299deg, rgba(119,102,204,1) 0%, rgba(102,167,204,1) 16%, rgba(102,204,153,1) 51%, rgba(204,163,102,1) 77%, rgba(207,87,87,1) 100%) center' : ''};\n  background-size: 100% 100%;\n  background-repeat: no-repeat;\n  border-radius: 5px;\n  border-style: solid;\n  border-width: 1.7px;\n  transform: Scale(95%);\n  transition: background-color 0.25s ease-in-out;\n}\n",
                "value": "",
                "default": "",
                "linkId": "",
                "address": "auto",
                "preArgs": "",
                "typeTags": "",
                "decimals": 2,
                "target": "",
                "ignoreDefaults": false,
                "bypass": false,
                "onCreate": "",
                "onValue": "const faderState = get(\"close_mic_state\")\nif (value == 1) set(\"close_mic_fader\", faderState.vln1, {sync: false})\nelse if (value == 2) set(\"close_mic_fader\", faderState.vln2, {sync: false})\nelse if (value == 3) set(\"close_mic_fader\", faderState.vla, {sync: false})\nelse if (value == 4) set(\"close_mic_fader\", faderState.vc, {sync: false})\nelse if (value == 5) set(\"close_mic_fader\", faderState.vb, {sync: false})",
                "label": "%key",
                "icon": true,
                "align": "center",
                "values": {
                  "VLN I": 1,
                  "VLN II": 2,
                  "VLA": 3,
                  "VC": 4,
                  "VB": 5,
                  "All": 6
                }
              },
              {
                "type": "fader",
                "top": 70,
                "left": 550,
                "lock": false,
                "id": "main_mic_fader",
                "visible": true,
                "interaction": true,
                "comments": "",
                "width": 90,
                "height": 250,
                "expand": false,
                "colorText": "auto",
                "colorWidget": "auto",
                "colorStroke": "auto",
                "colorFill": "auto",
                "alphaStroke": "auto",
                "alphaFillOff": "auto",
                "alphaFillOn": "auto",
                "lineWidth": "auto",
                "padding": 20,
                "html": "Main",
                "css": ":host {\n  #{locals.switchName = @{CSSMainSwitch}};\n  background: #{locals.switchName == 1? '#cf5757' : ''};\n  background: #{locals.switchName == 2? '#cca366' : ''};\n  background: #{locals.switchName == 3? '#66cc99' : ''};\n  background: #{locals.switchName == 4? '#66a7cc' : ''};\n  background: #{locals.switchName == 5? '#7766cc' : ''};\n  background: #{locals.switchName == 6? 'rgba(119,102,204,0) linear-gradient(299deg, rgba(119,102,204,1) 0%, rgba(102,167,204,1) 16%, rgba(102,204,153,1) 51%, rgba(204,163,102,1) 77%, rgba(207,87,87,1) 100%) center' : ''};\n  transition: background-color 0.25s ease-in-out;\n  border-top: solid 10px rgba(50,50,50,0.5);\n  animation: #{@{Main_touch} == 1 ? 'fader_main 0.25s ease-in-out forwards' : 'fader_main_back 0.5s ease-in-out forwards'};\n}",
                "value": "",
                "default": 112.97,
                "linkId": "",
                "address": "auto",
                "preArgs": "",
                "typeTags": "",
                "decimals": 2,
                "target": "midi:MyMIDI:5",
                "ignoreDefaults": false,
                "bypass": false,
                "onCreate": "",
                "onValue": "if(locals.switch == 6){\n  send(\"/control\", 1, 60, value)\n  send(\"/control\", 2, 61, value)\n  send(\"/control\", 3, 62, value)\n  send(\"/control\", 4, 63, value)\n  send(\"/control\", 5, 65, value)\n  Object.keys(locals.faderState).forEach(k => locals.faderState[k] = value)\n} else {\n  if(locals.switch == 1) locals.faderState.vln1 = value\n  else if(locals.switch == 2) locals.faderState.vln2 = value\n  else if(locals.switch == 3) locals.faderState.vla = value\n  else if(locals.switch == 4) locals.faderState.vc = value\n  else if(locals.switch == 5) locals.faderState.vb = value\n\n  send(\"/control\", locals.preArgs[0], locals.preArgs[1], value)\n}\n\n  if(locals.switch == 2){\n    send(\"/control\", locals.preArgs_b[0], locals.preArgs_b[1], value)\n  }\n  if(locals.switch == 3){\n    send(\"/control\", locals.preArgs_b[0], locals.preArgs_b[1], value)\n  }\n\n\n\nset(\"main_mic_state\", locals.faderState)",
                "design": "default",
                "knobSize": 30,
                "horizontal": false,
                "pips": false,
                "dashed": false,
                "gradient": [],
                "snap": false,
                "spring": false,
                "doubleTap": true,
                "range": {
                  "min": 0,
                  "max": 127
                },
                "logScale": false,
                "sensitivity": 1,
                "steps": "",
                "origin": "auto",
                "onTouch": "locals.switch = get(\"CSSMainSwitch\")\nlocals.faderState = get(\"main_mic_state\")\n\nif (event.type == 'start') {\n  if(locals.switch == 1) locals.preArgs = [1, 66]\n  else if(locals.switch == 2) locals.preArgs = [2, 67], locals.preArgs_b = [6, 67]\n  else if(locals.switch == 3) locals.preArgs = [3, 68], locals.preArgs_b = [7, 68]\n  else if(locals.switch == 4) locals.preArgs = [4, 69]\n  else if(locals.switch == 5) locals.preArgs = [5, 70]\n}\n\nset(\"Main_touch\", 1)\nset(\"Room_touch\", 0)\nset(\"Close_touch\", 0)"
              },
              {
                "type": "dropdown",
                "top": 320,
                "left": 550,
                "lock": false,
                "id": "CSSMainSwitch",
                "visible": true,
                "interaction": true,
                "comments": "",
                "width": 90,
                "height": 30,
                "expand": false,
                "colorText": "auto",
                "colorWidget": "auto",
                "colorStroke": "auto",
                "colorFill": "auto",
                "alphaStroke": 0,
                "alphaFillOff": 0,
                "alphaFillOn": "auto",
                "lineWidth": 0,
                "padding": "auto",
                "html": "",
                "css": ":host {\n  \n  background: #{@{this} == 1? '#cf5757' : ''};\n  background: #{@{this} == 1? '#cf5757' : ''};  \n  background: #{@{this} == 2? '#cca366' : ''};\n  background: #{@{this} == 3? '#66cc99' : ''};\n  background: #{@{this} == 4? '#66a7cc' : ''};\n  background: #{@{this} == 5? '#7766cc' : ''};\n  background: #{@{this} == 6? 'rgba(119,102,204,0) linear-gradient(299deg, rgba(119,102,204,1) 0%, rgba(102,167,204,1) 16%, rgba(102,204,153,1) 51%, rgba(204,163,102,1) 77%, rgba(207,87,87,1) 100%) center' : ''};\n  background-size: 100% 100%;\n  background-repeat: no-repeat;\n  border-radius: 5px;\n  border-style: solid;\n  border-width: 1.7px;\n  transform: Scale(95%);\n  transition: background-color 0.25s ease-in-out;\n}\n",
                "value": "",
                "default": "",
                "linkId": "",
                "address": "auto",
                "preArgs": "",
                "typeTags": "",
                "decimals": 2,
                "target": "",
                "ignoreDefaults": false,
                "bypass": false,
                "onCreate": "",
                "onValue": "const faderState = get(\"main_mic_state\")\nif (value == 1) set(\"main_mic_fader\", faderState.vln1, {sync: false})\nelse if (value == 2) set(\"main_mic_fader\", faderState.vln2, {sync: false})\nelse if (value == 3) set(\"main_mic_fader\", faderState.vla, {sync: false})\nelse if (value == 4) set(\"main_mic_fader\", faderState.vc, {sync: false})\nelse if (value == 5) set(\"main_mic_fader\", faderState.vb, {sync: false})",
                "label": "%key",
                "icon": true,
                "align": "center",
                "values": {
                  "VLN I": 1,
                  "VLN II": 2,
                  "VLA": 3,
                  "VC": 4,
                  "VB": 5,
                  "All": 6
                }
              },
              {
                "type": "fader",
                "lock": false,
                "id": "room_mic_fader",
                "comments": "",
                "value": "",
                "default": 112.97,
                "linkId": "",
                "address": "auto",
                "preArgs": "",
                "typeTags": "",
                "decimals": 2,
                "target": "midi:MyMIDI:5",
                "ignoreDefaults": false,
                "bypass": false,
                "onCreate": "",
                "onValue": "if(locals.switch == 6){\n  send(\"/control\", 1, 60, value)\n  send(\"/control\", 2, 61, value)\n  send(\"/control\", 3, 62, value)\n  send(\"/control\", 4, 63, value)\n  send(\"/control\", 5, 65, value)\n  Object.keys(locals.faderState).forEach(k => locals.faderState[k] = value)\n} else {\n  if(locals.switch == 1) locals.faderState.vln1 = value\n  else if(locals.switch == 2) locals.faderState.vln2 = value\n  else if(locals.switch == 3) locals.faderState.vla = value\n  else if(locals.switch == 4) locals.faderState.vc = value\n  else if(locals.switch == 5) locals.faderState.vb = value\n\n  send(\"/control\", locals.preArgs[0], locals.preArgs[1], value)\n}\n\n  if(locals.switch == 2){\n    send(\"/control\", locals.preArgs_b[0], locals.preArgs_b[1], value)\n  }\n  if(locals.switch == 3){\n    send(\"/control\", locals.preArgs_b[0], locals.preArgs_b[1], value)\n  }\n\n\n\nset(\"room_mic_state\", locals.faderState)",
                "top": 70,
                "left": 640,
                "visible": true,
                "interaction": true,
                "width": 90,
                "height": 250,
                "expand": false,
                "colorText": "auto",
                "colorWidget": "auto",
                "colorStroke": "auto",
                "colorFill": "auto",
                "alphaStroke": "auto",
                "alphaFillOff": "auto",
                "alphaFillOn": "auto",
                "lineWidth": "auto",
                "padding": 20,
                "html": "Room",
                "css": ":host {\n  #{locals.switchName = @{CSSRoomSwitch}};\n  background: #{locals.switchName == 1? '#cf5757' : ''};\n  background: #{locals.switchName == 2? '#cca366' : ''};\n  background: #{locals.switchName == 3? '#66cc99' : ''};\n  background: #{locals.switchName == 4? '#66a7cc' : ''};\n  background: #{locals.switchName == 5? '#7766cc' : ''};\n  background: #{locals.switchName == 6? 'rgba(119,102,204,0) linear-gradient(299deg, rgba(119,102,204,1) 0%, rgba(102,167,204,1) 16%, rgba(102,204,153,1) 51%, rgba(204,163,102,1) 77%, rgba(207,87,87,1) 100%) center' : ''};\n  transition: background-color 0.25s ease-in-out;\n  border-top: solid 10px rgba(50,50,50,0.5);\n  animation: #{@{Room_touch} == 1 ? 'fader_room 0.25s ease-in-out forwards' : 'fader_room_back 0.5s ease-in-out forwards'};\n  z-index: 0;\n}",
                "design": "default",
                "knobSize": 30,
                "horizontal": false,
                "pips": false,
                "dashed": false,
                "gradient": [],
                "snap": false,
                "spring": false,
                "doubleTap": true,
                "range": {
                  "min": 0,
                  "max": 127
                },
                "logScale": false,
                "sensitivity": 1,
                "steps": "",
                "origin": "auto",
                "onTouch": "locals.switch = get(\"CSSMainSwitch\")\nlocals.faderState = get(\"room_mic_state\")\n\nif (event.type == 'start') {\n  if(locals.switch == 1) locals.preArgs = [1, 71]\n  else if(locals.switch == 2) locals.preArgs = [2, 72], locals.preArgs_b = [6, 72]\n  else if(locals.switch == 3) locals.preArgs = [3, 73], locals.preArgs_b = [7, 73]\n  else if(locals.switch == 4) locals.preArgs = [4, 74]\n  else if(locals.switch == 5) locals.preArgs = [5, 75]\n}\n\nset(\"Room_touch\", 1)\nset(\"Close_touch\", 0)\nset(\"Main_touch\", 0)"
              },
              {
                "type": "dropdown",
                "lock": false,
                "id": "CSSRoomSwitch",
                "comments": "",
                "value": "",
                "default": "",
                "linkId": "",
                "address": "auto",
                "preArgs": "",
                "typeTags": "",
                "decimals": 2,
                "target": "",
                "ignoreDefaults": false,
                "bypass": false,
                "onCreate": "",
                "onValue": "const faderState = get(\"room_mic_state\")\nif (value == 1) set(\"room_mic_fader\", faderState.vln1, {sync: false})\nelse if (value == 2) set(\"room_mic_fader\", faderState.vln2, {sync: false})\nelse if (value == 3) set(\"room_mic_fader\", faderState.vla, {sync: false})\nelse if (value == 4) set(\"room_mic_fader\", faderState.vc, {sync: false})\nelse if (value == 5) set(\"room_mic_fader\", faderState.vb, {sync: false})",
                "top": 320,
                "left": 640,
                "visible": true,
                "interaction": true,
                "width": 90,
                "height": 30,
                "expand": false,
                "colorText": "auto",
                "colorWidget": "auto",
                "colorStroke": "auto",
                "colorFill": "auto",
                "alphaStroke": 0,
                "alphaFillOff": 0,
                "alphaFillOn": "auto",
                "lineWidth": 0,
                "padding": "auto",
                "html": "",
                "css": ":host {\n  \n  background: #{@{this} == 1? '#cf5757' : ''};\n  background: #{@{this} == 1? '#cf5757' : ''};  \n  background: #{@{this} == 2? '#cca366' : ''};\n  background: #{@{this} == 3? '#66cc99' : ''};\n  background: #{@{this} == 4? '#66a7cc' : ''};\n  background: #{@{this} == 5? '#7766cc' : ''};\n  background: #{@{this} == 6? 'rgba(119,102,204,0) linear-gradient(299deg, rgba(119,102,204,1) 0%, rgba(102,167,204,1) 16%, rgba(102,204,153,1) 51%, rgba(204,163,102,1) 77%, rgba(207,87,87,1) 100%) center' : ''};\n  background-size: 100% 100%;\n  background-repeat: no-repeat;\n  border-radius: 5px;\n  border-style: solid;\n  border-width: 1.7px;\n  transform: Scale(95%);\n  transition: background-color 0.25s ease-in-out;\n}\n",
                "label": "%key",
                "icon": true,
                "align": "center",
                "values": {
                  "VLN I": 1,
                  "VLN II": 2,
                  "VLA": 3,
                  "VC": 4,
                  "VB": 5,
                  "All": 6
                }
              },
              {
                "type": "dropdown",
                "lock": false,
                "id": "CSSPatchSwitch",
                "comments": "",
                "value": "",
                "default": "",
                "linkId": "",
                "address": "auto",
                "preArgs": "",
                "typeTags": "",
                "decimals": 2,
                "target": "",
                "ignoreDefaults": false,
                "bypass": false,
                "onCreate": "",
                "onValue": "const artState = get(\"Art_State_Switch\")\nif (value == 1) set(\"CSS\", artState.vln1, {sync: false})\nelse if (value == 2) set(\"CSS\", artState.vln2, {sync: false})\nelse if (value == 3) set(\"CSS\", artState.vla, {sync: false})\nelse if (value == 4) set(\"CSS\", artState.vc, {sync: false})\nelse if (value == 5) set(\"CSS\", artState.vb, {sync: false})",
                "top": 150,
                "left": 90,
                "visible": true,
                "interaction": true,
                "width": 80,
                "height": 40,
                "expand": false,
                "colorText": "auto",
                "colorWidget": "auto",
                "colorStroke": "auto",
                "colorFill": "auto",
                "alphaStroke": "auto",
                "alphaFillOff": "auto",
                "alphaFillOn": "auto",
                "lineWidth": "auto",
                "padding": "auto",
                "html": "",
                "css": "",
                "values": {
                  "VLN I": 1,
                  "VLN II": 2,
                  "VLA": 3,
                  "VC": 4,
                  "VB": 5,
                  "All": 6
                },
                "label": "%key",
                "icon": true,
                "align": "center"
              },
              {
                "type": "fader",
                "lock": false,
                "id": "Distance",
                "comments": "",
                "value": "",
                "default": 112.97,
                "linkId": "",
                "address": "/control",
                "preArgs": "",
                "typeTags": "",
                "decimals": 2,
                "target": "midi:MyMIDI:5",
                "ignoreDefaults": false,
                "bypass": false,
                "onCreate": "",
                "onValue": "const clamp = (num, min, max) => Math.min(Math.max(num, min), max);\n\nfunction map_range(value, low1, high1, low2, high2) {\n    return low2 + (high2 - low2) * (value - low1) / (high1 - low1);\n}\n\n\n\nlocals.Close = \"close_mic_fader\"\nlocals.Main = \"main_mic_fader\"\nlocals.Room = \"room_mic_fader\"\n\n\n\nvar close_x = 59;\nvar close_slope_before = 1.5;\nvar close_slope_after = 0.26;\nvar invert = 127-value;\nvar close = invert;\n\nvar b = (close_slope_before * (127- close_x)) - (close_slope_after * (127- close_x));\n\n\n\nconsole.log(value);\n\n\n\nif(value > close_x){\n  set(locals.Close, clamp((127-value)*close_slope_before, 15, 118));\n} else {\n  set(locals.Close, clamp((127-value)*close_slope_after + b, 15, 118));\n}\n\n\nset(locals.Main, clamp((157-value)/1.5, 70, 127));\n\nset(locals.Room, clamp(value, 50, 127));",
                "top": 70,
                "left": 750,
                "visible": true,
                "interaction": true,
                "width": 90,
                "height": 250,
                "expand": false,
                "colorText": "auto",
                "colorWidget": "auto",
                "colorStroke": "auto",
                "colorFill": "auto",
                "alphaStroke": "auto",
                "alphaFillOff": "auto",
                "alphaFillOn": "auto",
                "lineWidth": "auto",
                "padding": 20,
                "html": "Distance",
                "css": "",
                "design": "default",
                "knobSize": 30,
                "horizontal": false,
                "pips": false,
                "dashed": false,
                "gradient": [],
                "snap": false,
                "spring": false,
                "doubleTap": true,
                "range": {
                  "min": 0,
                  "max": 127
                },
                "logScale": false,
                "sensitivity": 1,
                "steps": "",
                "origin": "auto",
                "onTouch": "set(\"Close_touch\", 1)\nset(\"Main_touch\", 1)\nset(\"Room_touch\", 1)"
              },
              {
                "type": "variable",
                "lock": false,
                "id": "close_mic_state",
                "comments": "",
                "value": {
                  "vln": 0,
                  "vln2": 0,
                  "vla": 0,
                  "vc": 0,
                  "vb": 0
                },
                "default": "",
                "linkId": "",
                "address": "auto",
                "preArgs": "",
                "typeTags": "",
                "decimals": 2,
                "target": "",
                "ignoreDefaults": false,
                "bypass": false,
                "onCreate": "",
                "onValue": ""
              },
              {
                "type": "variable",
                "lock": false,
                "id": "main_mic_state",
                "comments": "",
                "value": {
                  "vln": 0,
                  "vln2": 0,
                  "vla": 0,
                  "vc": 0,
                  "vb": 0
                },
                "default": "",
                "linkId": "",
                "address": "auto",
                "preArgs": "",
                "typeTags": "",
                "decimals": 2,
                "target": "",
                "ignoreDefaults": false,
                "bypass": false,
                "onCreate": "",
                "onValue": ""
              },
              {
                "type": "variable",
                "lock": false,
                "id": "room_mic_state",
                "comments": "",
                "value": {
                  "vln": 0,
                  "vln2": 0,
                  "vla": 0,
                  "vc": 0,
                  "vb": 0
                },
                "default": "",
                "linkId": "",
                "address": "auto",
                "preArgs": "",
                "typeTags": "",
                "decimals": 2,
                "target": "",
                "ignoreDefaults": false,
                "bypass": false,
                "onCreate": "",
                "onValue": ""
              },
              {
                "type": "dropdown",
                "lock": false,
                "id": "CSSMainMicSwitch",
                "comments": "",
                "value": "",
                "default": "",
                "linkId": "",
                "address": "auto",
                "preArgs": "",
                "typeTags": "",
                "decimals": 2,
                "target": "",
                "ignoreDefaults": false,
                "bypass": false,
                "onCreate": "",
                "onValue": "locals.valueA = get(\"CSSMainMicSwitch\", value)\n\nif(value == locals.valueA) {\n  set(\"CSSCloseSwitch\", locals.valueA)\n  set(\"CSSMainSwitch\", locals.valueA)\n  set(\"CSSRoomSwitch\", locals.valueA)\n}",
                "top": 320,
                "left": 370,
                "visible": true,
                "interaction": true,
                "width": 90,
                "height": 30,
                "expand": false,
                "colorText": "rgba(77,77,77,1)",
                "colorWidget": "auto",
                "colorStroke": "rgba(33,33,33,1)",
                "colorFill": "auto",
                "alphaStroke": "auto",
                "alphaFillOff": "auto",
                "alphaFillOn": "auto",
                "lineWidth": 0,
                "padding": "auto",
                "html": "",
                "css": ":host{\n  background-color: white;\n  border-radius: 5px;\n}",
                "label": "%key",
                "icon": true,
                "align": "center",
                "values": {
                  "VLN I": 1,
                  "VLN II": 2,
                  "VLA": 3,
                  "VC": 4,
                  "VB": 5,
                  "All": 6
                }
              },
              {
                "type": "variable",
                "lock": false,
                "id": "Close_touch",
                "comments": "",
                "value": {
                  "0": 0,
                  "1": 1
                },
                "default": 0,
                "linkId": "",
                "address": "auto",
                "preArgs": "",
                "typeTags": "",
                "decimals": 2,
                "target": "",
                "ignoreDefaults": false,
                "bypass": false,
                "onCreate": "",
                "onValue": ""
              },
              {
                "type": "variable",
                "lock": false,
                "id": "Main_touch",
                "comments": "",
                "value": {
                  "0": 0,
                  "1": 1
                },
                "default": 0,
                "linkId": "",
                "address": "auto",
                "preArgs": "",
                "typeTags": "",
                "decimals": 2,
                "target": "",
                "ignoreDefaults": false,
                "bypass": false,
                "onCreate": "",
                "onValue": ""
              },
              {
                "type": "variable",
                "lock": false,
                "id": "Room_touch",
                "comments": "",
                "value": {
                  "0": 0,
                  "1": 1
                },
                "default": 0,
                "linkId": "",
                "address": "auto",
                "preArgs": "",
                "typeTags": "",
                "decimals": 2,
                "target": "",
                "ignoreDefaults": false,
                "bypass": false,
                "onCreate": "",
                "onValue": ""
              },
              {
                "type": "variable",
                "lock": false,
                "id": "Art_State_Switch",
                "comments": "",
                "value": {
                  "vln2": 0,
                  "vla": 0,
                  "vc": 0,
                  "vb": 0,
                  "vln": 0
                },
                "default": "",
                "linkId": "",
                "address": "auto",
                "preArgs": "",
                "typeTags": "",
                "decimals": 2,
                "target": "",
                "ignoreDefaults": false,
                "bypass": false,
                "onCreate": "",
                "onValue": ""
              }
            ],
            "tabs": []
          }
        ],
        "tabs": [],
        "ignoreTabs": false,
        "popupWidth": "100%",
        "popupHeight": "100%",
        "popupLeft": "auto",
        "popupTop": "auto",
        "relative": false,
        "popupLabel": "auto",
        "popupPadding": "auto"
      }
    ],
    "tabs": []
  }
}