{
  "version": "1.16.1",
  "type": "session",
  "createdWith": "Open Stage Control",
  "content": {
    "type": "root",
    "id": "root",
    "visible": true,
    "interaction": true,
    "width": "auto",
    "height": "auto",
    "colorText": "auto",
    "colorWidget": "auto",
    "alphaFillOn": "auto",
    "padding": "auto",
    "css": "",
    "colorBg": "auto",
    "layout": "default",
    "justify": "start",
    "gridTemplate": "",
    "contain": true,
    "scroll": true,
    "innerPadding": true,
    "verticalTabs": false,
    "variables": "@{parent.variables}",
    "traversing": false,
    "value": "",
    "default": "",
    "linkId": "",
    "address": "auto",
    "preArgs": "",
    "typeTags": "",
    "decimals": 2,
    "target": "",
    "ignoreDefaults": false,
    "bypass": false,
    "widgets": [
      {
        "type": "panel",
        "top": 0,
        "left": 0,
        "lock": false,
        "id": "panel_1",
        "visible": true,
        "interaction": true,
        "comments": "",
        "width": "100%",
        "height": "100%",
        "expand": "false",
        "colorText": "auto",
        "colorWidget": "auto",
        "colorStroke": "auto",
        "colorFill": "auto",
        "alphaStroke": "auto",
        "alphaFillOff": "auto",
        "alphaFillOn": "auto",
        "lineWidth": "auto",
        "padding": "auto",
        "html": "",
        "css": "",
        "colorBg": "auto",
        "layout": "default",
        "justify": "start",
        "gridTemplate": "",
        "contain": true,
        "scroll": true,
        "innerPadding": true,
        "verticalTabs": false,
        "variables": "@{parent.variables}",
        "traversing": false,
        "value": "",
        "default": "",
        "linkId": "",
        "address": "auto",
        "preArgs": "",
        "typeTags": "",
        "decimals": 2,
        "target": "",
        "ignoreDefaults": false,
        "bypass": false,
        "onCreate": "",
        "onValue": "",
        "widgets": [],
        "tabs": [
          {
            "type": "tab",
            "lock": false,
            "id": "short clips",
            "visible": true,
            "interaction": true,
            "comments": "",
            "colorText": "auto",
            "colorWidget": "auto",
            "colorFill": "auto",
            "padding": "auto",
            "html": "",
            "css": "",
            "colorBg": "auto",
            "layout": "default",
            "justify": "start",
            "gridTemplate": "",
            "contain": true,
            "scroll": true,
            "innerPadding": true,
            "verticalTabs": false,
            "label": "Short clips",
            "variables": "@{parent.variables}",
            "traversing": false,
            "value": "",
            "default": "",
            "linkId": "",
            "address": "auto",
            "preArgs": "",
            "typeTags": "",
            "decimals": 2,
            "target": "",
            "ignoreDefaults": false,
            "bypass": false,
            "onCreate": "",
            "onValue": "",
            "widgets": [
              {
                "type": "panel",
                "top": "0%",
                "left": "0%",
                "id": "Soundboard pads 1",
                "visible": true,
                "interaction": true,
                "width": "75.68%",
                "height": "100%",
                "expand": "false",
                "colorText": "auto",
                "colorWidget": "#5c9bd8",
                "colorStroke": "auto",
                "colorFill": "auto",
                "alphaStroke": "auto",
                "alphaFillOff": "auto",
                "alphaFillOn": "auto",
                "lineWidth": "auto",
                "padding": "auto",
                "css": "",
                "value": "",
                "default": "",
                "linkId": "",
                "address": "auto",
                "preArgs": "",
                "typeTags": "",
                "decimals": 2,
                "target": "",
                "ignoreDefaults": false,
                "bypass": false,
                "onValue": "",
                "lock": false,
                "comments": "",
                "html": "",
                "onCreate": "",
                "colorBg": "auto",
                "layout": "default",
                "justify": "start",
                "gridTemplate": "",
                "contain": false,
                "scroll": true,
                "innerPadding": true,
                "verticalTabs": false,
                "variables": "@{parent.variables}",
                "traversing": false,
                "widgets": [
                  {
                    "type": "variable",
                    "id": "variable_1",
                    "value": "midi:OSCMIDI",
                    "default": "",
                    "linkId": "",
                    "address": "auto",
                    "preArgs": "",
                    "typeTags": "",
                    "decimals": 2,
                    "target": "",
                    "ignoreDefaults": false,
                    "bypass": false,
                    "onValue": "",
                    "lock": false,
                    "comments": "",
                    "onCreate": ""
                  },
                  {
                    "type": "button",
                    "top": "2.02%",
                    "left": "2.85%",
                    "id": "airhorn",
                    "visible": true,
                    "interaction": true,
                    "width": "18.81%",
                    "height": "17.33%",
                    "expand": "false",
                    "colorText": "auto",
                    "colorWidget": "auto",
                    "colorStroke": "auto",
                    "colorFill": "auto",
                    "alphaStroke": "auto",
                    "alphaFillOff": "auto",
                    "alphaFillOn": "auto",
                    "lineWidth": "auto",
                    "padding": "auto",
                    "css": "class: button\nclass: horn",
                    "colorTextOn": "auto",
                    "label": false,
                    "vertical": false,
                    "wrap": false,
                    "on": 127,
                    "off": 0,
                    "mode": "push",
                    "doubleTap": false,
                    "value": "",
                    "default": "",
                    "linkId": "",
                    "address": "/note",
                    "preArgs": [
                      1,
                      36
                    ],
                    "typeTags": "",
                    "decimals": 2,
                    "target": "midi:Ableton",
                    "ignoreDefaults": false,
                    "bypass": false,
                    "onValue": "",
                    "lock": false,
                    "comments": "",
                    "html": "",
                    "onCreate": ""
                  },
                  {
                    "type": "button",
                    "top": "2.02%",
                    "left": "49.34%",
                    "id": "welcome",
                    "visible": true,
                    "interaction": true,
                    "width": "22.77%",
                    "height": "17.21%",
                    "expand": "false",
                    "colorText": "auto",
                    "colorWidget": "auto",
                    "colorStroke": "auto",
                    "colorFill": "auto",
                    "alphaStroke": "auto",
                    "alphaFillOff": "auto",
                    "alphaFillOn": "auto",
                    "lineWidth": "auto",
                    "padding": "auto",
                    "css": "class: button\nclass: welcome  ",
                    "colorTextOn": "auto",
                    "label": false,
                    "vertical": false,
                    "wrap": false,
                    "on": 100,
                    "off": 0,
                    "mode": "push",
                    "doubleTap": false,
                    "value": "",
                    "default": "",
                    "linkId": "",
                    "address": "/note",
                    "preArgs": [
                      1,
                      37
                    ],
                    "typeTags": "",
                    "decimals": 2,
                    "target": "midi:Ableton",
                    "ignoreDefaults": false,
                    "bypass": false,
                    "onValue": "",
                    "lock": false,
                    "comments": "",
                    "html": "",
                    "onCreate": ""
                  },
                  {
                    "type": "button",
                    "top": "14.17%",
                    "left": "22.87%",
                    "id": "bark",
                    "visible": true,
                    "interaction": true,
                    "width": "28.46%",
                    "height": "34.41%",
                    "expand": "false",
                    "colorText": "auto",
                    "colorWidget": "auto",
                    "colorStroke": "auto",
                    "colorFill": "auto",
                    "alphaStroke": "auto",
                    "alphaFillOff": "auto",
                    "alphaFillOn": "auto",
                    "lineWidth": "auto",
                    "padding": "auto",
                    "css": "class: button\nbackground-image: url(VAR{image});\nbackground-size: 100% 100%;",
                    "colorTextOn": "auto",
                    "label": false,
                    "vertical": false,
                    "wrap": false,
                    "on": 127,
                    "off": 0,
                    "mode": "push",
                    "doubleTap": false,
                    "value": "",
                    "default": "",
                    "linkId": "",
                    "address": "/note",
                    "preArgs": [
                      1,
                      38
                    ],
                    "typeTags": "",
                    "decimals": 2,
                    "target": "midi:Ableton",
                    "ignoreDefaults": false,
                    "bypass": false,
                    "onValue": "setVar(this, \"image\", locals.anim + \"?\" + Date.now())\n\nsetTimeout(() => {\n  setVar(this, \"image\", locals.still)\n}, 1000)",
                    "lock": false,
                    "comments": "",
                    "html": "",
                    "onCreate": "locals.still = \"images/bichon_image.gif\"\nlocals.anim = \"images/bichon_bark.gif\"\n\nsetVar(this, \"image\", locals.still)"
                  },
                  {
                    "type": "button",
                    "top": "3.04%",
                    "left": "74.95%",
                    "id": "cat",
                    "visible": true,
                    "interaction": true,
                    "width": "22.77%",
                    "height": "17.21%",
                    "expand": "false",
                    "colorText": "auto",
                    "colorWidget": "auto",
                    "colorStroke": "auto",
                    "colorFill": "auto",
                    "alphaStroke": "auto",
                    "alphaFillOff": "auto",
                    "alphaFillOn": "auto",
                    "lineWidth": "auto",
                    "padding": "auto",
                    "css": "class: button\nbackground-image: url(VAR{image});\nbackground-size: 100% 100%;",
                    "colorTextOn": "auto",
                    "label": false,
                    "vertical": false,
                    "wrap": false,
                    "on": 100,
                    "off": 0,
                    "mode": "push",
                    "doubleTap": false,
                    "value": "",
                    "default": "",
                    "linkId": "",
                    "address": "/note",
                    "preArgs": [
                      1,
                      39
                    ],
                    "typeTags": "",
                    "decimals": 2,
                    "target": "midi:Ableton",
                    "ignoreDefaults": false,
                    "bypass": false,
                    "onValue": "setVar(this, \"image\", locals.anim + \"?\" + Date.now())\n\nsetTimeout(() => {\n  setVar(this, \"image\", locals.still)\n}, 1000)",
                    "lock": false,
                    "comments": "",
                    "html": "",
                    "onCreate": "locals.still = \"images/cat1.gif\"\nlocals.anim = \"images/cat.gif\"\n\nsetVar(this, \"image\", locals.still)"
                  },
                  {
                    "type": "button",
                    "top": "22.27%",
                    "left": "46.68%",
                    "id": "yeah",
                    "visible": true,
                    "interaction": true,
                    "width": "30.36%",
                    "height": "23.28%",
                    "expand": "false",
                    "colorText": "auto",
                    "colorWidget": "auto",
                    "colorStroke": "auto",
                    "colorFill": "auto",
                    "alphaStroke": "auto",
                    "alphaFillOff": "auto",
                    "alphaFillOn": "auto",
                    "lineWidth": "auto",
                    "padding": "auto",
                    "css": "class: button\nbackground-image: url(VAR{image});\nbackground-size: 100% 100%;",
                    "colorTextOn": "auto",
                    "label": false,
                    "vertical": false,
                    "wrap": false,
                    "on": 100,
                    "off": 0,
                    "mode": "push",
                    "doubleTap": false,
                    "value": "",
                    "default": "",
                    "linkId": "",
                    "address": "/note",
                    "preArgs": [
                      1,
                      41
                    ],
                    "typeTags": "",
                    "decimals": 2,
                    "target": "midi:Ableton",
                    "ignoreDefaults": false,
                    "bypass": false,
                    "onValue": "setVar(this, \"image\", locals.anim + \"?\" + Date.now())\n\nsetTimeout(() => {\n  setVar(this, \"image\", locals.still)\n}, 1920)",
                    "lock": false,
                    "comments": "",
                    "html": "",
                    "onCreate": "locals.still = \"images/yeah1.gif\"\nlocals.anim = \"images/yeah.gif\"\n\nsetVar(this, \"image\", locals.still)"
                  },
                  {
                    "type": "button",
                    "top": "22.27%",
                    "left": "1.9%",
                    "id": "sad_trombone",
                    "visible": true,
                    "interaction": true,
                    "width": "21.82%",
                    "height": "23.28%",
                    "expand": "false",
                    "colorText": "auto",
                    "colorWidget": "auto",
                    "colorStroke": "auto",
                    "colorFill": "auto",
                    "alphaStroke": "auto",
                    "alphaFillOff": "auto",
                    "alphaFillOn": "auto",
                    "lineWidth": "auto",
                    "padding": "auto",
                    "css": "class: button\nbackground-image: url(VAR{image});\nbackground-size: 100% 100%;",
                    "colorTextOn": "auto",
                    "label": false,
                    "vertical": false,
                    "wrap": false,
                    "on": 127,
                    "off": 0,
                    "mode": "push",
                    "doubleTap": false,
                    "value": "",
                    "default": "",
                    "linkId": "",
                    "address": "/note",
                    "preArgs": [
                      1,
                      48
                    ],
                    "typeTags": "",
                    "decimals": 2,
                    "target": "midi:Ableton",
                    "ignoreDefaults": false,
                    "bypass": false,
                    "onValue": "setVar(this, \"image\", locals.anim + \"?\" + Date.now())\n\nsetTimeout(() => {\n  setVar(this, \"image\", locals.still)\n}, 3000)",
                    "lock": false,
                    "comments": "",
                    "html": "",
                    "onCreate": "locals.still = \"images/sad1.gif\"\nlocals.anim = \"images/sad.gif\"\n\nsetVar(this, \"image\", locals.still)"
                  },
                  {
                    "type": "button",
                    "top": "24.75%",
                    "left": "73.81%",
                    "id": "dun",
                    "visible": true,
                    "interaction": true,
                    "width": "24.6%",
                    "height": "19.8%",
                    "expand": "false",
                    "colorText": "auto",
                    "colorWidget": "auto",
                    "colorStroke": "auto",
                    "colorFill": "auto",
                    "alphaStroke": "auto",
                    "alphaFillOff": "auto",
                    "alphaFillOn": "auto",
                    "lineWidth": "auto",
                    "padding": "auto",
                    "css": "class: button\nbackground-image: url(VAR{image});\nbackground-size: 100% 100%;",
                    "colorTextOn": "auto",
                    "label": false,
                    "vertical": false,
                    "wrap": false,
                    "on": 127,
                    "off": 0,
                    "mode": "push",
                    "doubleTap": false,
                    "value": "",
                    "default": "",
                    "linkId": "",
                    "address": "/note",
                    "preArgs": [
                      1,
                      46
                    ],
                    "typeTags": "",
                    "decimals": 2,
                    "target": "midi:Ableton",
                    "ignoreDefaults": false,
                    "bypass": false,
                    "onValue": "setVar(this, \"image\", locals.anim + \"?\" + Date.now())\n\nsetTimeout(() => {\n  setVar(this, \"image\", locals.still)\n}, 3800)",
                    "lock": false,
                    "comments": "",
                    "html": "",
                    "onCreate": "locals.still = \"images/dun1.gif\"\nlocals.anim = \"images/dun.gif\"\n\nsetVar(this, \"image\", locals.still)"
                  },
                  {
                    "type": "button",
                    "top": "51.62%",
                    "left": "0.95%",
                    "id": "yay",
                    "visible": true,
                    "interaction": true,
                    "width": "24.67%",
                    "height": "25.3%",
                    "expand": "false",
                    "colorText": "auto",
                    "colorWidget": "auto",
                    "colorStroke": "auto",
                    "colorFill": "auto",
                    "alphaStroke": "auto",
                    "alphaFillOff": "auto",
                    "alphaFillOn": "auto",
                    "lineWidth": "auto",
                    "padding": "auto",
                    "css": "class: button\nbackground-image: url(VAR{image});\nbackground-size: 100% 100%;",
                    "colorTextOn": "auto",
                    "label": false,
                    "vertical": false,
                    "wrap": false,
                    "on": 127,
                    "off": 0,
                    "mode": "push",
                    "doubleTap": false,
                    "value": "",
                    "default": "",
                    "linkId": "",
                    "address": "/note",
                    "preArgs": [
                      1,
                      47
                    ],
                    "typeTags": "",
                    "decimals": 2,
                    "target": "midi:Ableton",
                    "ignoreDefaults": false,
                    "bypass": false,
                    "onValue": "setVar(this, \"image\", locals.anim + \"?\" + Date.now())\n\nsetTimeout(() => {\n  setVar(this, \"image\", locals.still)\n}, 4000)",
                    "lock": false,
                    "comments": "",
                    "html": "",
                    "onCreate": "locals.still = \"images/yay1.gif\"\nlocals.anim = \"images/yay.gif\"\n\nsetVar(this, \"image\", locals.still)"
                  },
                  {
                    "type": "button",
                    "top": "48.58%",
                    "left": "21.92%",
                    "id": "zoom",
                    "visible": true,
                    "interaction": true,
                    "width": "25.62%",
                    "height": "25.3%",
                    "expand": "false",
                    "colorText": "auto",
                    "colorWidget": "auto",
                    "colorStroke": "auto",
                    "colorFill": "auto",
                    "alphaStroke": "auto",
                    "alphaFillOff": "auto",
                    "alphaFillOn": "auto",
                    "lineWidth": "auto",
                    "padding": "auto",
                    "css": "class: button\nbackground-image: url(VAR{image});\nbackground-size: 100% 100%;",
                    "colorTextOn": "auto",
                    "label": false,
                    "vertical": false,
                    "wrap": false,
                    "on": 127,
                    "off": 0,
                    "mode": "push",
                    "doubleTap": false,
                    "value": "",
                    "default": "",
                    "linkId": "",
                    "address": "/note",
                    "preArgs": [
                      1,
                      49
                    ],
                    "typeTags": "",
                    "decimals": 2,
                    "target": "midi:Ableton",
                    "ignoreDefaults": false,
                    "bypass": false,
                    "onValue": "setVar(this, \"image\", locals.anim + \"?\" + Date.now())\n\nsetTimeout(() => {\n  setVar(this, \"image\", locals.still)\n}, 2960)",
                    "lock": false,
                    "comments": "",
                    "html": "",
                    "onCreate": "locals.still = \"images/zoom1.gif\"\nlocals.anim = \"images/zoom.gif\"\n\nsetVar(this, \"image\", locals.still)"
                  },
                  {
                    "type": "button",
                    "top": "48.58%",
                    "left": "47.63%",
                    "id": "price",
                    "visible": true,
                    "interaction": true,
                    "width": "20.87%",
                    "height": "25.3%",
                    "expand": "false",
                    "colorText": "auto",
                    "colorWidget": "auto",
                    "colorStroke": "auto",
                    "colorFill": "auto",
                    "alphaStroke": "auto",
                    "alphaFillOff": "auto",
                    "alphaFillOn": "auto",
                    "lineWidth": "auto",
                    "padding": "auto",
                    "css": "class: button\nbackground-image: url(VAR{image});\nbackground-size: 100% 100%;",
                    "colorTextOn": "auto",
                    "label": false,
                    "vertical": false,
                    "wrap": false,
                    "on": 127,
                    "off": 0,
                    "mode": "push",
                    "doubleTap": false,
                    "value": "",
                    "default": "",
                    "linkId": "",
                    "address": "/note",
                    "preArgs": [
                      1,
                      50
                    ],
                    "typeTags": "",
                    "decimals": 2,
                    "target": "midi:Ableton",
                    "ignoreDefaults": false,
                    "bypass": false,
                    "onValue": "setVar(this, \"image\", locals.anim + \"?\" + Date.now())\n\nsetTimeout(() => {\n  setVar(this, \"image\", locals.still)\n}, 3640)",
                    "lock": false,
                    "comments": "",
                    "html": "",
                    "onCreate": "locals.still = \"images/price1.gif\"\nlocals.anim = \"images/price.gif\"\n\nsetVar(this, \"image\", locals.still)"
                  },
                  {
                    "type": "button",
                    "top": "46.56%",
                    "left": "62.24%",
                    "id": "vomit",
                    "visible": true,
                    "interaction": true,
                    "width": "35.1%",
                    "height": "30.36%",
                    "expand": "false",
                    "colorText": "auto",
                    "colorWidget": "auto",
                    "colorStroke": "auto",
                    "colorFill": "auto",
                    "alphaStroke": "auto",
                    "alphaFillOff": "auto",
                    "alphaFillOn": "auto",
                    "lineWidth": "auto",
                    "padding": "auto",
                    "css": "class: button\nbackground-image: url(VAR{image});\nbackground-size: 100% 100%;",
                    "colorTextOn": "auto",
                    "label": false,
                    "vertical": false,
                    "wrap": false,
                    "on": 127,
                    "off": 0,
                    "mode": "push",
                    "doubleTap": false,
                    "value": "",
                    "default": "",
                    "linkId": "",
                    "address": "/note",
                    "preArgs": [
                      1,
                      51
                    ],
                    "typeTags": "",
                    "decimals": 2,
                    "target": "midi:Ableton",
                    "ignoreDefaults": false,
                    "bypass": false,
                    "onValue": "setVar(this, \"image\", locals.anim + \"?\" + Date.now())\n\nsetTimeout(() => {\n  setVar(this, \"image\", locals.still)\n}, 1800)",
                    "lock": false,
                    "comments": "",
                    "html": "",
                    "onCreate": "locals.still = \"images/vomit1.gif\"\nlocals.anim = \"images/vomit.gif\"\n\nsetVar(this, \"image\", locals.still)"
                  },
                  {
                    "type": "button",
                    "top": "76.92%",
                    "left": "0.95%",
                    "id": "mario_jump",
                    "visible": true,
                    "interaction": true,
                    "width": "21.82%",
                    "height": "22.27%",
                    "expand": "false",
                    "colorText": "auto",
                    "colorWidget": "auto",
                    "colorStroke": "auto",
                    "colorFill": "auto",
                    "alphaStroke": "auto",
                    "alphaFillOff": "auto",
                    "alphaFillOn": "auto",
                    "lineWidth": "auto",
                    "padding": "auto",
                    "css": "class: button\nclass: mario_jump",
                    "colorTextOn": "auto",
                    "label": false,
                    "vertical": false,
                    "wrap": false,
                    "on": 127,
                    "off": 0,
                    "mode": "push",
                    "doubleTap": false,
                    "value": "",
                    "default": "",
                    "linkId": "",
                    "address": "/note",
                    "preArgs": [
                      1,
                      52
                    ],
                    "typeTags": "",
                    "decimals": 2,
                    "target": "midi:Ableton",
                    "ignoreDefaults": false,
                    "bypass": false,
                    "onValue": "",
                    "lock": false,
                    "comments": "",
                    "html": "",
                    "onCreate": ""
                  },
                  {
                    "type": "button",
                    "top": "79.96%",
                    "left": "23.72%",
                    "id": "mario_grow",
                    "visible": true,
                    "interaction": true,
                    "width": "22.77%",
                    "height": "18.22%",
                    "expand": "false",
                    "colorText": "auto",
                    "colorWidget": "auto",
                    "colorStroke": "auto",
                    "colorFill": "auto",
                    "alphaStroke": "auto",
                    "alphaFillOff": "auto",
                    "alphaFillOn": "auto",
                    "lineWidth": "auto",
                    "padding": "auto",
                    "css": "class: button\nbackground-image: url(VAR{image});\nbackground-size: 100% 100%;",
                    "colorTextOn": "auto",
                    "label": false,
                    "vertical": false,
                    "wrap": false,
                    "on": 127,
                    "off": 0,
                    "mode": "push",
                    "doubleTap": false,
                    "value": "",
                    "default": "",
                    "linkId": "",
                    "address": "/note",
                    "preArgs": [
                      1,
                      53
                    ],
                    "typeTags": "",
                    "decimals": 2,
                    "target": "midi:Ableton",
                    "ignoreDefaults": false,
                    "bypass": false,
                    "onValue": "setVar(this, \"image\", locals.anim + \"?\" + Date.now())\n\nsetTimeout(() => {\n  setVar(this, \"image\", locals.still)\n}, 1100)",
                    "lock": false,
                    "comments": "",
                    "html": "",
                    "onCreate": "locals.still = \"images/mario_grow1.gif\"\nlocals.anim = \"images/mario_grow.gif\"\n\nsetVar(this, \"image\", locals.still)"
                  },
                  {
                    "type": "button",
                    "top": "78.95%",
                    "left": "50.28%",
                    "id": "mario_pipe",
                    "visible": true,
                    "interaction": true,
                    "width": "17.08%",
                    "height": "18.22%",
                    "expand": "false",
                    "colorText": "auto",
                    "colorWidget": "auto",
                    "colorStroke": "auto",
                    "colorFill": "auto",
                    "alphaStroke": "auto",
                    "alphaFillOff": "auto",
                    "alphaFillOn": "auto",
                    "lineWidth": "auto",
                    "padding": "auto",
                    "css": "class: button\nbackground-image: url(VAR{image});\nbackground-size: 100% 100%;",
                    "colorTextOn": "auto",
                    "label": false,
                    "vertical": false,
                    "wrap": false,
                    "on": 127,
                    "off": 0,
                    "mode": "tap",
                    "doubleTap": false,
                    "value": "",
                    "default": "",
                    "linkId": "",
                    "address": "/note",
                    "preArgs": [
                      1,
                      54
                    ],
                    "typeTags": "",
                    "decimals": 2,
                    "target": "midi:Ableton",
                    "ignoreDefaults": false,
                    "bypass": false,
                    "onValue": "setVar(this, \"image\", locals.anim + \"?\" + Date.now())\n\nsetTimeout(() => {\n  setVar(this, \"image\", locals.still)\n}, 1200)",
                    "lock": false,
                    "comments": "",
                    "html": "",
                    "onCreate": "locals.still = \"images/mario_pipe1.gif\"\nlocals.anim = \"images/mario_pipe.gif\"\n\nsetVar(this, \"image\", locals.still)"
                  },
                  {
                    "type": "button",
                    "top": "77.94%",
                    "left": "69.26%",
                    "id": "badum",
                    "visible": true,
                    "interaction": true,
                    "width": "21.82%",
                    "height": "20.24%",
                    "expand": "false",
                    "colorText": "auto",
                    "colorWidget": "auto",
                    "colorStroke": "auto",
                    "colorFill": "auto",
                    "alphaStroke": "auto",
                    "alphaFillOff": "auto",
                    "alphaFillOn": "auto",
                    "lineWidth": "auto",
                    "padding": "auto",
                    "css": "class: button\nbackground-image: url(VAR{image});\nbackground-size: 100% 100%;",
                    "colorTextOn": "auto",
                    "label": false,
                    "vertical": false,
                    "wrap": false,
                    "on": 127,
                    "off": 0,
                    "mode": "push",
                    "doubleTap": false,
                    "value": "",
                    "default": "",
                    "linkId": "",
                    "address": "/note",
                    "preArgs": [
                      1,
                      55
                    ],
                    "typeTags": "",
                    "decimals": 2,
                    "target": "midi:Ableton",
                    "ignoreDefaults": false,
                    "bypass": false,
                    "onValue": "setVar(this, \"image\", locals.anim + \"?\" + Date.now())\n\nsetTimeout(() => {\n  setVar(this, \"image\", locals.still)\n}, 1500)",
                    "lock": false,
                    "comments": "",
                    "html": "",
                    "onCreate": "locals.still = \"images/badum1.gif\"\nlocals.anim = \"images/badum.gif\"\n\nsetVar(this, \"image\", locals.still)"
                  },
                  {
                    "type": "button",
                    "top": "1.24%",
                    "left": "22.73%",
                    "id": "balegdah",
                    "visible": true,
                    "interaction": true,
                    "width": "20.45%",
                    "height": "19.8%",
                    "expand": "false",
                    "colorText": "auto",
                    "colorWidget": "auto",
                    "colorStroke": "auto",
                    "colorFill": "auto",
                    "alphaStroke": "auto",
                    "alphaFillOff": "auto",
                    "alphaFillOn": "auto",
                    "lineWidth": "auto",
                    "padding": "auto",
                    "css": "class: button\nbackground-image: url(VAR{image});\nbackground-size: 100% 100%;",
                    "colorTextOn": "auto",
                    "label": false,
                    "vertical": false,
                    "wrap": false,
                    "on": 127,
                    "off": 0,
                    "mode": "push",
                    "doubleTap": false,
                    "value": "",
                    "default": "",
                    "linkId": "",
                    "address": "/note",
                    "preArgs": [
                      1,
                      60
                    ],
                    "typeTags": "",
                    "decimals": 2,
                    "target": "midi:Ableton",
                    "ignoreDefaults": false,
                    "bypass": false,
                    "onValue": "setVar(this, \"image\", locals.anim + \"?\" + Date.now())\n\nsetTimeout(() => {\n  setVar(this, \"image\", locals.still)\n}, 800)",
                    "lock": false,
                    "comments": "",
                    "html": "",
                    "onCreate": "locals.still = \"images/balegdah1.gif\"\nlocals.anim = \"images/balegdah.gif\"\n\nsetVar(this, \"image\", locals.still)"
                  }
                ],
                "tabs": []
              },
              {
                "type": "panel",
                "top": "0%",
                "left": "75.68%",
                "lock": false,
                "id": "FX box",
                "visible": true,
                "interaction": true,
                "comments": "",
                "width": "23.81%",
                "height": "100%",
                "expand": "false",
                "colorText": "auto",
                "colorWidget": "auto",
                "colorStroke": "auto",
                "colorFill": "auto",
                "alphaStroke": "auto",
                "alphaFillOff": "auto",
                "alphaFillOn": "auto",
                "lineWidth": "auto",
                "padding": "auto",
                "html": "",
                "css": "",
                "colorBg": "auto",
                "layout": "default",
                "justify": "start",
                "gridTemplate": "",
                "contain": true,
                "scroll": true,
                "innerPadding": true,
                "verticalTabs": false,
                "variables": "@{parent.variables}",
                "traversing": false,
                "value": "",
                "default": "",
                "linkId": "",
                "address": "auto",
                "preArgs": "",
                "typeTags": "",
                "decimals": 2,
                "target": "",
                "ignoreDefaults": false,
                "bypass": false,
                "onCreate": "",
                "onValue": "console.log('weeeee')\n",
                "widgets": [
                  {
                    "type": "xy",
                    "top": "11.14%",
                    "left": "7.41%",
                    "lock": false,
                    "id": "xy_1",
                    "visible": true,
                    "interaction": true,
                    "comments": "",
                    "width": "88.89%",
                    "height": "28.47%",
                    "expand": "false",
                    "colorText": "auto",
                    "colorWidget": "auto",
                    "colorStroke": "auto",
                    "colorFill": "auto",
                    "alphaStroke": 0,
                    "alphaFillOff": "auto",
                    "alphaFillOn": "auto",
                    "lineWidth": "auto",
                    "padding": "auto",
                    "html": "",
                    "css": "",
                    "pointSize": 20,
                    "ephemeral": false,
                    "pips": false,
                    "snap": false,
                    "spring": true,
                    "rangeX": {
                      "min": 0,
                      "max": 127
                    },
                    "rangeY": {
                      "min": 0,
                      "max": 127
                    },
                    "logScaleX": false,
                    "logScaleY": false,
                    "doubleTap": false,
                    "sensitivity": 1,
                    "value": "",
                    "default": [
                      127,
                      0
                    ],
                    "linkId": "",
                    "address": "auto",
                    "preArgs": "",
                    "typeTags": "",
                    "decimals": 2,
                    "target": "",
                    "ignoreDefaults": false,
                    "bypass": false,
                    "onCreate": "",
                    "onValue": "var x = value[0]\nvar y = value[1]\nsend('midi:Ableton', '/control', 1, 14, x)\nsend('midi:Ableton', '/control', 1, 13, y)",
                    "onTouch": ""
                  },
                  {
                    "type": "fader",
                    "top": "42.08%",
                    "left": "57.14%",
                    "lock": false,
                    "id": "delay",
                    "visible": true,
                    "interaction": true,
                    "comments": "",
                    "width": "33.85%",
                    "height": "34.41%",
                    "expand": "false",
                    "colorText": "auto",
                    "colorWidget": "auto",
                    "colorStroke": "auto",
                    "colorFill": "auto",
                    "alphaStroke": "auto",
                    "alphaFillOff": "auto",
                    "alphaFillOn": "auto",
                    "lineWidth": "auto",
                    "padding": "auto",
                    "html": "",
                    "css": "",
                    "doubleTap": true,
                    "range": {
                      "min": 0,
                      "max": 127
                    },
                    "logScale": false,
                    "sensitivity": 1,
                    "value": "",
                    "default": 0,
                    "linkId": "",
                    "address": "/control",
                    "preArgs": [
                      1,
                      11
                    ],
                    "typeTags": "",
                    "decimals": 2,
                    "target": "midi:Ableton",
                    "ignoreDefaults": false,
                    "bypass": false,
                    "onCreate": "",
                    "onValue": "",
                    "onTouch": "",
                    "design": "compact",
                    "knobSize": "auto",
                    "horizontal": false,
                    "pips": false,
                    "dashed": false,
                    "gradient": [],
                    "snap": false,
                    "spring": false,
                    "steps": "",
                    "origin": "auto"
                  },
                  {
                    "type": "fader",
                    "top": "38.37%",
                    "left": "0%",
                    "lock": false,
                    "id": "pitch_shift",
                    "visible": true,
                    "interaction": true,
                    "comments": "",
                    "width": "57.14%",
                    "height": "54.46%",
                    "expand": "false",
                    "colorText": "auto",
                    "colorWidget": "#fd6d6d",
                    "colorStroke": "auto",
                    "colorFill": "#d12323",
                    "alphaStroke": "auto",
                    "alphaFillOff": "auto",
                    "alphaFillOn": 0.25,
                    "lineWidth": 8,
                    "padding": "auto",
                    "html": "",
                    "css": "",
                    "doubleTap": true,
                    "range": {
                      "min": 0,
                      "max": 127
                    },
                    "logScale": false,
                    "sensitivity": 1,
                    "value": "",
                    "default": 64,
                    "linkId": "",
                    "address": "/control",
                    "preArgs": [
                      1,
                      10
                    ],
                    "typeTags": "",
                    "decimals": 2,
                    "target": "midi:Ableton",
                    "ignoreDefaults": false,
                    "bypass": false,
                    "onCreate": "",
                    "onValue": "",
                    "onTouch": "",
                    "design": "round",
                    "pips": false,
                    "dashed": false,
                    "spring": true,
                    "steps": "",
                    "knobSize": 100,
                    "horizontal": false,
                    "gradient": [
                      "red",
                      "green"
                    ],
                    "snap": false,
                    "origin": "auto"
                  }
                ],
                "tabs": []
              }
            ],
            "tabs": []
          },
          {
            "type": "tab",
            "lock": false,
            "id": "long clips",
            "visible": true,
            "interaction": true,
            "comments": "",
            "colorText": "auto",
            "colorWidget": "auto",
            "colorFill": "auto",
            "padding": "auto",
            "html": "",
            "css": "",
            "colorBg": "auto",
            "layout": "default",
            "justify": "start",
            "gridTemplate": "",
            "contain": true,
            "scroll": true,
            "innerPadding": true,
            "verticalTabs": false,
            "label": "Long clips",
            "variables": "@{parent.variables}",
            "traversing": false,
            "value": "",
            "default": "",
            "linkId": "",
            "address": "auto",
            "preArgs": "",
            "typeTags": "",
            "decimals": 2,
            "target": "",
            "ignoreDefaults": false,
            "bypass": false,
            "onCreate": "",
            "onValue": "",
            "widgets": [
              {
                "type": "panel",
                "top": "0%",
                "left": "0%",
                "id": "Soundboard pads 1",
                "visible": true,
                "interaction": true,
                "width": "75.68%",
                "height": "100%",
                "expand": "false",
                "colorText": "auto",
                "colorWidget": "#5c9bd8",
                "colorStroke": "auto",
                "colorFill": "auto",
                "alphaStroke": "auto",
                "alphaFillOff": "auto",
                "alphaFillOn": "auto",
                "lineWidth": "auto",
                "padding": "auto",
                "css": "",
                "value": "",
                "default": "",
                "linkId": "",
                "address": "auto",
                "preArgs": "",
                "typeTags": "",
                "decimals": 2,
                "target": "",
                "ignoreDefaults": false,
                "bypass": false,
                "onValue": "",
                "lock": false,
                "comments": "",
                "html": "",
                "onCreate": "",
                "colorBg": "auto",
                "layout": "default",
                "justify": "start",
                "gridTemplate": "",
                "contain": false,
                "scroll": true,
                "innerPadding": true,
                "verticalTabs": false,
                "variables": "@{parent.variables}",
                "traversing": false,
                "widgets": [
                  {
                    "type": "variable",
                    "id": "variable_1",
                    "value": "midi:OSCMIDI",
                    "default": "",
                    "linkId": "",
                    "address": "auto",
                    "preArgs": "",
                    "typeTags": "",
                    "decimals": 2,
                    "target": "",
                    "ignoreDefaults": false,
                    "bypass": false,
                    "onValue": "",
                    "lock": false,
                    "comments": "",
                    "onCreate": ""
                  },
                  {
                    "type": "button",
                    "top": "2.02%",
                    "left": "24.67%",
                    "id": "fly",
                    "visible": true,
                    "interaction": true,
                    "width": "22.77%",
                    "height": "19.23%",
                    "expand": "false",
                    "colorText": "auto",
                    "colorWidget": "auto",
                    "colorStroke": "auto",
                    "colorFill": "auto",
                    "alphaStroke": "auto",
                    "alphaFillOff": "auto",
                    "alphaFillOn": "auto",
                    "lineWidth": "auto",
                    "padding": "auto",
                    "css": "class: button\nclass: fly",
                    "colorTextOn": "auto",
                    "label": false,
                    "vertical": false,
                    "wrap": false,
                    "on": 100,
                    "off": 0,
                    "mode": "push",
                    "doubleTap": false,
                    "value": "",
                    "default": "",
                    "linkId": "",
                    "address": "/note",
                    "preArgs": [
                      1,
                      40
                    ],
                    "typeTags": "",
                    "decimals": 2,
                    "target": "midi:Ableton",
                    "ignoreDefaults": false,
                    "bypass": false,
                    "onValue": "",
                    "lock": false,
                    "comments": "",
                    "html": "",
                    "onCreate": ""
                  },
                  {
                    "type": "button",
                    "top": "5.06%",
                    "left": "53.13%",
                    "lock": false,
                    "id": "applause",
                    "visible": true,
                    "interaction": true,
                    "comments": "",
                    "width": "20.87%",
                    "height": "12.15%",
                    "expand": "false",
                    "colorText": "auto",
                    "colorWidget": "auto",
                    "colorStroke": "auto",
                    "colorFill": "auto",
                    "alphaStroke": "auto",
                    "alphaFillOff": "auto",
                    "alphaFillOn": "auto",
                    "lineWidth": "auto",
                    "padding": "auto",
                    "html": "",
                    "css": "class: button\nclass: clapping\nborder-radius: 20%",
                    "colorTextOn": "auto",
                    "label": false,
                    "vertical": false,
                    "wrap": false,
                    "on": 127,
                    "off": 64,
                    "mode": "toggle",
                    "doubleTap": false,
                    "value": "",
                    "default": "",
                    "linkId": "",
                    "address": "/control",
                    "preArgs": [
                      16,
                      1
                    ],
                    "typeTags": "",
                    "decimals": 2,
                    "target": "midi:Ableton",
                    "ignoreDefaults": false,
                    "bypass": false,
                    "onCreate": "",
                    "onValue": ""
                  },
                  {
                    "type": "button",
                    "top": 230,
                    "left": 250,
                    "lock": false,
                    "id": "button_1",
                    "visible": true,
                    "interaction": true,
                    "comments": "",
                    "width": 180,
                    "height": 150,
                    "expand": "false",
                    "colorText": "auto",
                    "colorWidget": "#d85c7e",
                    "colorStroke": "auto",
                    "colorFill": "auto",
                    "alphaStroke": "auto",
                    "alphaFillOff": "auto",
                    "alphaFillOn": "auto",
                    "lineWidth": "auto",
                    "padding": "auto",
                    "html": "",
                    "css": "",
                    "colorTextOn": "auto",
                    "label": "LOUD NOISE",
                    "vertical": false,
                    "wrap": false,
                    "on": 1,
                    "off": 0,
                    "mode": "toggle",
                    "doubleTap": false,
                    "value": "",
                    "default": "",
                    "linkId": "",
                    "address": "auto",
                    "preArgs": "",
                    "typeTags": "",
                    "decimals": 2,
                    "target": "",
                    "ignoreDefaults": false,
                    "bypass": false,
                    "onCreate": "",
                    "onValue": ""
                  }
                ],
                "tabs": []
              }
            ],
            "tabs": []
          },
          {
            "type": "tab",
            "lock": false,
            "id": "tab_3",
            "visible": true,
            "interaction": true,
            "comments": "",
            "colorText": "auto",
            "colorWidget": "auto",
            "colorFill": "auto",
            "padding": "auto",
            "html": "",
            "css": "",
            "colorBg": "auto",
            "layout": "default",
            "justify": "start",
            "gridTemplate": "",
            "contain": true,
            "scroll": true,
            "innerPadding": true,
            "verticalTabs": false,
            "label": "Page 3",
            "variables": "@{parent.variables}",
            "traversing": false,
            "value": "",
            "default": "",
            "linkId": "",
            "address": "auto",
            "preArgs": "",
            "typeTags": "",
            "decimals": 2,
            "target": "",
            "ignoreDefaults": false,
            "bypass": false,
            "onCreate": "",
            "onValue": "",
            "widgets": [],
            "tabs": []
          },
          {
            "type": "tab",
            "lock": false,
            "id": "tab_4",
            "visible": true,
            "interaction": true,
            "comments": "",
            "colorText": "auto",
            "colorWidget": "auto",
            "colorFill": "auto",
            "padding": "auto",
            "html": "",
            "css": "",
            "colorBg": "auto",
            "layout": "default",
            "justify": "start",
            "gridTemplate": "",
            "contain": true,
            "scroll": true,
            "innerPadding": true,
            "verticalTabs": false,
            "label": "auto",
            "variables": "@{parent.variables}",
            "traversing": false,
            "value": "",
            "default": "",
            "linkId": "",
            "address": "auto",
            "preArgs": "",
            "typeTags": "",
            "decimals": 2,
            "target": "",
            "ignoreDefaults": false,
            "bypass": false,
            "onCreate": "",
            "onValue": "",
            "widgets": [],
            "tabs": []
          }
        ]
      }
    ],
    "tabs": [],
    "onValue": "",
    "lock": false,
    "comments": "",
    "html": "",
    "hideMenu": false,
    "onCreate": ""
  }
}