{
	"scale": [
        {
            "scaleName": "major",
            "key": [
                {
                    "keyName": "C",
                    "keyC": 2,
                    "keyD": 2,
                    "keyE": 2,
                    "keyF": 2,
                    "keyG": 2,
                    "keyA": 2,
                    "keyB": 2
                },
                {
                    "keyName": "C#|Db",
                    "keyC": 2,
                "keyD": 1,
                    "keyE": 1,
                "keyF": 2,
                "keyG": 1,
                "keyA": 1,
                "keyB": 1
            },
                {
                    "keyName": "D",
                    "keyC": 3,
                "keyD": 2,
                "keyE": 2,
                "keyF": 3,
                "keyG": 2,
                "keyA": 2,
                "keyB": 2
            },
                {
                    "keyName": "D#|Eb",
                    "keyC": 2,
                "keyD": 2,
                "keyE": 1,
                "keyF": 2,
                "keyG": 2,
                "keyA": 1,
                "keyB": 1
            },
                {
                    "keyName": "E",
                    "keyC": 3,
                "keyD": 3,
                "keyE": 2,
                    "keyF": 3,
                "keyG": 3,
                "keyA": 2,
                "keyB": 2
            },
                {
                    "keyName": "F",
                    "keyC": 2,
                "keyD": 2,
                "keyE": 2,
                "keyF": 2,
                "keyG": 2,
                "keyA": 2,
                "keyB": 1
            },
                {
                    "keyName": "F#|Gb",
                    "keyC": 1,
                "keyD": 1,
                "keyE": 1,
                "keyF": 2,
                "keyG": 1,
                "keyA": 1,
                "keyB": 1
            },
                {
                    "keyName": "G",
                    "keyC": 2,
                "keyD": 2,
                "keyE": 2,
                "keyF": 3,
                "keyG": 2,
                "keyA": 2,
                "keyB": 2
            },
                {
                    "keyName": "G#|Ab",
                    "keyC": 2,
                "keyD": 1,
                "keyE": 1,
                "keyF": 2,
                "keyG": 2,
                "keyA": 1,
                "keyB": 1
            },
                {
                    "keyName": "A",
                    "keyC": 3,
                "keyD": 2,
                "keyE": 2,
                "keyF": 3,
                "keyG": 3,
                "keyA": 2,
                "keyB": 2
            },
                {
                    "keyName": "A#|Bb",
                    "keyC": 2,
                "keyD": 2,
                "keyE": 1,
                "keyF": 2,
                "keyG": 2,
                "keyA": 2,
                "keyB": 1
            },
                {
                    "keyName": "B",
                    "keyC": 3,
                "keyD": 3,
                "keyE": 2,
                "keyF": 3,
                "keyG": 3,
                "keyA": 3,
                "keyB": 2
            }
            ]
        },
        {
            "scaleName": "minor",
            "key": [
                {
                    "keyName": "C",
                    "keyC": 2,
                    "keyD": 2,
                    "keyE": 1,
                    "keyF": 2,
                    "keyG": 2,
                    "keyA": 1,
                    "keyB": 1
                },
                {
                    "keyName": "C#|Db",
                    "keyC": 3,
                    "keyD": 3,
                    "keyE": 2,
                    "keyF": 3,
                    "keyG": 3,
                    "keyA": 2,
                    "keyB": 2
                },
                {
                    "keyName": "D",
                    "keyC": 2,
                    "keyD": 2,
                    "keyE": 2,
                    "keyF": 2,
                    "keyG": 2,
                    "keyA": 2,
                    "keyB": 1
                },
                {
                    "keyName": "D#|Eb",
                    "keyC": 1,
                    "keyD": 1,
                    "keyE": 1,
                    "keyF": 2,
                    "keyG": 1,
                    "keyA": 1,
                    "keyB": 1
                },
                {
                    "keyName": "E",
                    "keyC": 2,
                    "keyD": 2,
                    "keyE": 2,
                    "keyF": 3,
                    "keyG": 2,
                    "keyA": 2,
                    "keyB": 2
                },
                {
                    "keyName": "F",
                    "keyC": 2,
                    "keyD": 1,
                    "keyE": 1,
                    "keyF": 2,
                    "keyG": 2,
                    "keyA": 1,
                    "keyB": 1
                },
                {
                    "keyName": "F#|Gb",
                    "keyC": 3,
                    "keyD": 2,
                    "keyE": 2,
                    "keyF": 3,
                    "keyG": 3,
                    "keyA": 2,
                    "keyB": 2
                },
                {
                    "keyName": "G",
                    "keyC": 2,
                    "keyD": 2,
                    "keyE": 1,
                    "keyF": 2,
                    "keyG": 2,
                    "keyA": 2,
                    "keyB": 1
                },
                {
                    "keyName": "G#|Ab",
                    "keyC": 3,
                    "keyD": 3,
                    "keyE": 2,
                    "keyF": 3,
                    "keyG": 3,
                    "keyA": 3,
                    "keyB": 2
                },
                {
                    "keyName": "A",
                    "keyC": 2,
                    "keyD": 2,
                    "keyE": 2,
                    "keyF": 2,
                    "keyG": 2,
                    "keyA": 2,
                    "keyB": 2
                },
                {
                    "keyName": "A#|Bb",
                    "keyC": 2,
                    "keyD": 1,
                    "keyE": 1,
                    "keyF": 2,
                    "keyG": 1,
                    "keyA": 1,
                    "keyB": 1
                },
                {
                    "keyName": "B",
                    "keyC": 3,
                    "keyD": 2,
                    "keyE": 2,
                    "keyF": 3,
                    "keyG": 2,
                    "keyA": 2,
                    "keyB": 2
                }
            ]
        },
        {
            "scaleName": "dorian",
            "key": [
                {
                    "keyName": "C",
                    "keyC": 2,
                    "keyD": 2,
                    "keyE": 2,
                    "keyF": 2,
                    "keyG": 2,
                    "keyA": 2,
                    "keyB": 2
                },
                {
                    "keyName": "C#|Db",
                    "keyC": 2,
                    "keyD": 1,
                    "keyE": 1,
                    "keyF": 2,
                    "keyG": 1,
                    "keyA": 1,
                    "keyB": 1
                },
                {
                    "keyName": "D",
                    "keyC": 3,
                    "keyD": 2,
                    "keyE": 2,
                    "keyF": 3,
                    "keyG": 2,
                    "keyA": 2,
                    "keyB": 2
                },
                {
                    "keyName": "D#|Eb",
                    "keyC": 2,
                    "keyD": 2,
                    "keyE": 1,
                    "keyF": 2,
                    "keyG": 2,
                    "keyA": 1,
                    "keyB": 1
                },
                {
                    "keyName": "E",
                    "keyC": 3,
                    "keyD": 3,
                    "keyE": 2,
                    "keyF": 3,
                    "keyG": 3,
                    "keyA": 2,
                    "keyB": 2
                },
                {
                    "keyName": "F",
                    "keyC": 2,
                    "keyD": 2,
                    "keyE": 2,
                    "keyF": 2,
                    "keyG": 2,
                    "keyA": 2,
                    "keyB": 1
                },
                {
                    "keyName": "F#|Gb",
                    "keyC": 1,
                    "keyD": 1,
                    "keyE": 1,
                    "keyF": 2,
                    "keyG": 1,
                    "keyA": 1,
                    "keyB": 1
                },
                {
                    "keyName": "G",
                    "keyC": 2,
                    "keyD": 2,
                    "keyE": 2,
                    "keyF": 3,
                    "keyG": 2,
                    "keyA": 2,
                    "keyB": 2
                },
                {
                    "keyName": "G#|Ab",
                    "keyC": 2,
                    "keyD": 1,
                    "keyE": 1,
                    "keyF": 2,
                    "keyG": 2,
                    "keyA": 1,
                    "keyB": 1
                },
                {
                    "keyName": "A",
                    "keyC": 3,
                    "keyD": 2,
                    "keyE": 2,
                    "keyF": 3,
                    "keyG": 3,
                    "keyA": 2,
                    "keyB": 2
                },
                {
                    "keyName": "A#|Bb",
                    "keyC": 2,
                    "keyD": 2,
                    "keyE": 1,
                    "keyF": 2,
                    "keyG": 2,
                    "keyA": 2,
                    "keyB": 1
                },
                {
                    "keyName": "B",
                    "keyC": 3,
                    "keyD": 3,
                    "keyE": 2,
                    "keyF": 3,
                    "keyG": 3,
                    "keyA": 3,
                    "keyB": 2
                }
            ]
        },
        {
            "scaleName": "phrygian",
            "key": [
                {
                    "keyName": "C",
                    "keyC": 2,
                    "keyD": 2,
                    "keyE": 2,
                    "keyF": 2,
                    "keyG": 2,
                    "keyA": 2,
                    "keyB": 2
                },
                {
                    "keyName": "C#|Db",
                    "keyC": 2,
                    "keyD": 1,
                    "keyE": 1,
                    "keyF": 2,
                    "keyG": 1,
                    "keyA": 1,
                    "keyB": 1
                },
                {
                    "keyName": "D",
                    "keyC": 3,
                    "keyD": 2,
                    "keyE": 2,
                    "keyF": 3,
                    "keyG": 2,
                    "keyA": 2,
                    "keyB": 2
                },
                {
                    "keyName": "D#|Eb",
                    "keyC": 2,
                    "keyD": 2,
                    "keyE": 1,
                    "keyF": 2,
                    "keyG": 2,
                    "keyA": 1,
                    "keyB": 1
                },
                {
                    "keyName": "E",
                    "keyC": 3,
                    "keyD": 3,
                    "keyE": 2,
                    "keyF": 3,
                    "keyG": 3,
                    "keyA": 2,
                    "keyB": 2
                },
                {
                    "keyName": "F",
                    "keyC": 2,
                    "keyD": 2,
                    "keyE": 2,
                    "keyF": 2,
                    "keyG": 2,
                    "keyA": 2,
                    "keyB": 1
                },
                {
                    "keyName": "F#|Gb",
                    "keyC": 1,
                    "keyD": 1,
                    "keyE": 1,
                    "keyF": 2,
                    "keyG": 1,
                    "keyA": 1,
                    "keyB": 1
                },
                {
                    "keyName": "G",
                    "keyC": 2,
                    "keyD": 2,
                    "keyE": 2,
                    "keyF": 3,
                    "keyG": 2,
                    "keyA": 2,
                    "keyB": 2
                },
                {
                    "keyName": "G#|Ab",
                    "keyC": 2,
                    "keyD": 1,
                    "keyE": 1,
                    "keyF": 2,
                    "keyG": 2,
                    "keyA": 1,
                    "keyB": 1
                },
                {
                    "keyName": "A",
                    "keyC": 3,
                    "keyD": 2,
                    "keyE": 2,
                    "keyF": 3,
                    "keyG": 3,
                    "keyA": 2,
                    "keyB": 2
                },
                {
                    "keyName": "A#|Bb",
                    "keyC": 2,
                    "keyD": 2,
                    "keyE": 1,
                    "keyF": 2,
                    "keyG": 2,
                    "keyA": 2,
                    "keyB": 1
                },
                {
                    "keyName": "B",
                    "keyC": 3,
                    "keyD": 3,
                    "keyE": 2,
                    "keyF": 3,
                    "keyG": 3,
                    "keyA": 3,
                    "keyB": 2
                }
            ]
        },
        {
            "scaleName": "lydian",
            "key": [
                {
                    "keyName": "C",
                    "keyC": 2,
                    "keyD": 2,
                    "keyE": 2,
                    "keyF": 2,
                    "keyG": 2,
                    "keyA": 2,
                    "keyB": 2
                },
                {
                    "keyName": "C#|Db",
                    "keyC": 2,
                    "keyD": 1,
                    "keyE": 1,
                    "keyF": 2,
                    "keyG": 1,
                    "keyA": 1,
                    "keyB": 1
                },
                {
                    "keyName": "D",
                    "keyC": 3,
                    "keyD": 2,
                    "keyE": 2,
                    "keyF": 3,
                    "keyG": 2,
                    "keyA": 2,
                    "keyB": 2
                },
                {
                    "keyName": "D#|Eb",
                    "keyC": 2,
                    "keyD": 2,
                    "keyE": 1,
                    "keyF": 2,
                    "keyG": 2,
                    "keyA": 1,
                    "keyB": 1
                },
                {
                    "keyName": "E",
                    "keyC": 3,
                    "keyD": 3,
                    "keyE": 2,
                    "keyF": 3,
                    "keyG": 3,
                    "keyA": 2,
                    "keyB": 2
                },
                {
                    "keyName": "F",
                    "keyC": 2,
                    "keyD": 2,
                    "keyE": 2,
                    "keyF": 2,
                    "keyG": 2,
                    "keyA": 2,
                    "keyB": 1
                },
                {
                    "keyName": "F#|Gb",
                    "keyC": 1,
                    "keyD": 1,
                    "keyE": 1,
                    "keyF": 2,
                    "keyG": 1,
                    "keyA": 1,
                    "keyB": 1
                },
                {
                    "keyName": "G",
                    "keyC": 2,
                    "keyD": 2,
                    "keyE": 2,
                    "keyF": 3,
                    "keyG": 2,
                    "keyA": 2,
                    "keyB": 2
                },
                {
                    "keyName": "G#|Ab",
                    "keyC": 2,
                    "keyD": 1,
                    "keyE": 1,
                    "keyF": 2,
                    "keyG": 2,
                    "keyA": 1,
                    "keyB": 1
                },
                {
                    "keyName": "A",
                    "keyC": 3,
                    "keyD": 2,
                    "keyE": 2,
                    "keyF": 3,
                    "keyG": 3,
                    "keyA": 2,
                    "keyB": 2
                },
                {
                    "keyName": "A#|Bb",
                    "keyC": 2,
                    "keyD": 2,
                    "keyE": 1,
                    "keyF": 2,
                    "keyG": 2,
                    "keyA": 2,
                    "keyB": 1
                },
                {
                    "keyName": "B",
                    "keyC": 3,
                    "keyD": 3,
                    "keyE": 2,
                    "keyF": 3,
                    "keyG": 3,
                    "keyA": 3,
                    "keyB": 2
                }
            ]
        },
        {
            "scaleName": "mixolydian",
            "key": [
                {
                    "keyName": "C",
                    "keyC": 2,
                    "keyD": 2,
                    "keyE": 2,
                    "keyF": 2,
                    "keyG": 2,
                    "keyA": 2,
                    "keyB": 2
                },
                {
                    "keyName": "C#|Db",
                    "keyC": 2,
                    "keyD": 1,
                    "keyE": 1,
                    "keyF": 2,
                    "keyG": 1,
                    "keyA": 1,
                    "keyB": 1
                },
                {
                    "keyName": "D",
                    "keyC": 3,
                    "keyD": 2,
                    "keyE": 2,
                    "keyF": 3,
                    "keyG": 2,
                    "keyA": 2,
                    "keyB": 2
                },
                {
                    "keyName": "D#|Eb",
                    "keyC": 2,
                    "keyD": 2,
                    "keyE": 1,
                    "keyF": 2,
                    "keyG": 2,
                    "keyA": 1,
                    "keyB": 1
                },
                {
                    "keyName": "E",
                    "keyC": 3,
                    "keyD": 3,
                    "keyE": 2,
                    "keyF": 3,
                    "keyG": 3,
                    "keyA": 2,
                    "keyB": 2
                },
                {
                    "keyName": "F",
                    "keyC": 2,
                    "keyD": 2,
                    "keyE": 2,
                    "keyF": 2,
                    "keyG": 2,
                    "keyA": 2,
                    "keyB": 1
                },
                {
                    "keyName": "F#|Gb",
                    "keyC": 1,
                    "keyD": 1,
                    "keyE": 1,
                    "keyF": 2,
                    "keyG": 1,
                    "keyA": 1,
                    "keyB": 1
                },
                {
                    "keyName": "G",
                    "keyC": 2,
                    "keyD": 2,
                    "keyE": 2,
                    "keyF": 3,
                    "keyG": 2,
                    "keyA": 2,
                    "keyB": 2
                },
                {
                    "keyName": "G#|Ab",
                    "keyC": 2,
                    "keyD": 1,
                    "keyE": 1,
                    "keyF": 2,
                    "keyG": 2,
                    "keyA": 1,
                    "keyB": 1
                },
                {
                    "keyName": "A",
                    "keyC": 3,
                    "keyD": 2,
                    "keyE": 2,
                    "keyF": 3,
                    "keyG": 3,
                    "keyA": 2,
                    "keyB": 2
                },
                {
                    "keyName": "A#|Bb",
                    "keyC": 2,
                    "keyD": 2,
                    "keyE": 1,
                    "keyF": 2,
                    "keyG": 2,
                    "keyA": 2,
                    "keyB": 1
                },
                {
                    "keyName": "B",
                    "keyC": 3,
                    "keyD": 3,
                    "keyE": 2,
                    "keyF": 3,
                    "keyG": 3,
                    "keyA": 3,
                    "keyB": 2
                }
            ]
        },
        {
            "scaleName": "locrian",
            "key": [
                {
                    "keyName": "C",
                    "keyC": 2,
                    "keyD": 2,
                    "keyE": 2,
                    "keyF": 2,
                    "keyG": 2,
                    "keyA": 2,
                    "keyB": 2
                },
                {
                    "keyName": "C#|Db",
                    "keyC": 2,
                    "keyD": 1,
                    "keyE": 1,
                    "keyF": 2,
                    "keyG": 1,
                    "keyA": 1,
                    "keyB": 1
                },
                {
                    "keyName": "D",
                    "keyC": 3,
                    "keyD": 2,
                    "keyE": 2,
                    "keyF": 3,
                    "keyG": 2,
                    "keyA": 2,
                    "keyB": 2
                },
                {
                    "keyName": "D#|Eb",
                    "keyC": 2,
                    "keyD": 2,
                    "keyE": 1,
                    "keyF": 2,
                    "keyG": 2,
                    "keyA": 1,
                    "keyB": 1
                },
                {
                    "keyName": "E",
                    "keyC": 3,
                    "keyD": 3,
                    "keyE": 2,
                    "keyF": 3,
                    "keyG": 3,
                    "keyA": 2,
                    "keyB": 2
                },
                {
                    "keyName": "F",
                    "keyC": 2,
                    "keyD": 2,
                    "keyE": 2,
                    "keyF": 2,
                    "keyG": 2,
                    "keyA": 2,
                    "keyB": 1
                },
                {
                    "keyName": "F#|Gb",
                    "keyC": 1,
                    "keyD": 1,
                    "keyE": 1,
                    "keyF": 2,
                    "keyG": 1,
                    "keyA": 1,
                    "keyB": 1
                },
                {
                    "keyName": "G",
                    "keyC": 2,
                    "keyD": 2,
                    "keyE": 2,
                    "keyF": 3,
                    "keyG": 2,
                    "keyA": 2,
                    "keyB": 2
                },
                {
                    "keyName": "G#|Ab",
                    "keyC": 2,
                    "keyD": 1,
                    "keyE": 1,
                    "keyF": 2,
                    "keyG": 2,
                    "keyA": 1,
                    "keyB": 1
                },
                {
                    "keyName": "A",
                    "keyC": 3,
                    "keyD": 2,
                    "keyE": 2,
                    "keyF": 3,
                    "keyG": 3,
                    "keyA": 2,
                    "keyB": 2
                },
                {
                    "keyName": "A#|Bb",
                    "keyC": 2,
                    "keyD": 2,
                    "keyE": 1,
                    "keyF": 2,
                    "keyG": 2,
                    "keyA": 2,
                    "keyB": 1
                },
                {
                    "keyName": "B",
                    "keyC": 3,
                    "keyD": 3,
                    "keyE": 2,
                    "keyF": 3,
                    "keyG": 3,
                    "keyA": 3,
                    "keyB": 2
                }
            ]
        },
        {
            "scaleName": "harmonic minor",
            "key": [
                {
                    "keyName": "C",
                    "keyC": 2,
                    "keyD": 2,
                    "keyE": 2,
                    "keyF": 2,
                    "keyG": 2,
                    "keyA": 2,
                    "keyB": 2
                },
                {
                    "keyName": "C#|Db",
                    "keyC": 2,
                    "keyD": 1,
                    "keyE": 1,
                    "keyF": 2,
                    "keyG": 1,
                    "keyA": 1,
                    "keyB": 1
                },
                {
                    "keyName": "D",
                    "keyC": 3,
                    "keyD": 2,
                    "keyE": 2,
                    "keyF": 3,
                    "keyG": 2,
                    "keyA": 2,
                    "keyB": 2
                },
                {
                    "keyName": "D#|Eb",
                    "keyC": 2,
                    "keyD": 2,
                    "keyE": 1,
                    "keyF": 2,
                    "keyG": 2,
                    "keyA": 1,
                    "keyB": 1
                },
                {
                    "keyName": "E",
                    "keyC": 3,
                    "keyD": 3,
                    "keyE": 2,
                    "keyF": 3,
                    "keyG": 3,
                    "keyA": 2,
                    "keyB": 2
                },
                {
                    "keyName": "F",
                    "keyC": 2,
                    "keyD": 2,
                    "keyE": 2,
                    "keyF": 2,
                    "keyG": 2,
                    "keyA": 2,
                    "keyB": 1
                },
                {
                    "keyName": "F#|Gb",
                    "keyC": 1,
                    "keyD": 1,
                    "keyE": 1,
                    "keyF": 2,
                    "keyG": 1,
                    "keyA": 1,
                    "keyB": 1
                },
                {
                    "keyName": "G",
                    "keyC": 2,
                    "keyD": 2,
                    "keyE": 2,
                    "keyF": 3,
                    "keyG": 2,
                    "keyA": 2,
                    "keyB": 2
                },
                {
                    "keyName": "G#|Ab",
                    "keyC": 2,
                    "keyD": 1,
                    "keyE": 1,
                    "keyF": 2,
                    "keyG": 2,
                    "keyA": 1,
                    "keyB": 1
                },
                {
                    "keyName": "A",
                    "keyC": 3,
                    "keyD": 2,
                    "keyE": 2,
                    "keyF": 3,
                    "keyG": 3,
                    "keyA": 2,
                    "keyB": 2
                },
                {
                    "keyName": "A#|Bb",
                    "keyC": 2,
                    "keyD": 2,
                    "keyE": 1,
                    "keyF": 2,
                    "keyG": 2,
                    "keyA": 2,
                    "keyB": 1
                },
                {
                    "keyName": "B",
                    "keyC": 3,
                    "keyD": 3,
                    "keyE": 2,
                    "keyF": 3,
                    "keyG": 3,
                    "keyA": 3,
                    "keyB": 2
                }
            ]
        },
        {
            "scaleName": "melodic minor",
            "key": [
                {
                    "keyName": "C",
                    "keyC": 2,
                    "keyD": 2,
                    "keyE": 2,
                    "keyF": 2,
                    "keyG": 2,
                    "keyA": 2,
                    "keyB": 2
                },
                {
                    "keyName": "C#|Db",
                    "keyC": 2,
                    "keyD": 1,
                    "keyE": 1,
                    "keyF": 2,
                    "keyG": 1,
                    "keyA": 1,
                    "keyB": 1
                },
                {
                    "keyName": "D",
                    "keyC": 3,
                    "keyD": 2,
                    "keyE": 2,
                    "keyF": 3,
                    "keyG": 2,
                    "keyA": 2,
                    "keyB": 2
                },
                {
                    "keyName": "D#|Eb",
                    "keyC": 2,
                    "keyD": 2,
                    "keyE": 1,
                    "keyF": 2,
                    "keyG": 2,
                    "keyA": 1,
                    "keyB": 1
                },
                {
                    "keyName": "E",
                    "keyC": 3,
                    "keyD": 3,
                    "keyE": 2,
                    "keyF": 3,
                    "keyG": 3,
                    "keyA": 2,
                    "keyB": 2
                },
                {
                    "keyName": "F",
                    "keyC": 2,
                    "keyD": 2,
                    "keyE": 2,
                    "keyF": 2,
                    "keyG": 2,
                    "keyA": 2,
                    "keyB": 1
                },
                {
                    "keyName": "F#|Gb",
                    "keyC": 1,
                    "keyD": 1,
                    "keyE": 1,
                    "keyF": 2,
                    "keyG": 1,
                    "keyA": 1,
                    "keyB": 1
                },
                {
                    "keyName": "G",
                    "keyC": 2,
                    "keyD": 2,
                    "keyE": 2,
                    "keyF": 3,
                    "keyG": 2,
                    "keyA": 2,
                    "keyB": 2
                },
                {
                    "keyName": "G#|Ab",
                    "keyC": 2,
                    "keyD": 1,
                    "keyE": 1,
                    "keyF": 2,
                    "keyG": 2,
                    "keyA": 1,
                    "keyB": 1
                },
                {
                    "keyName": "A",
                    "keyC": 3,
                    "keyD": 2,
                    "keyE": 2,
                    "keyF": 3,
                    "keyG": 3,
                    "keyA": 2,
                    "keyB": 2
                },
                {
                    "keyName": "A#|Bb",
                    "keyC": 2,
                    "keyD": 2,
                    "keyE": 1,
                    "keyF": 2,
                    "keyG": 2,
                    "keyA": 2,
                    "keyB": 1
                },
                {
                    "keyName": "B",
                    "keyC": 3,
                    "keyD": 3,
                    "keyE": 2,
                    "keyF": 3,
                    "keyG": 3,
                    "keyA": 3,
                    "keyB": 2
                }
            ]
        }
    ]
}