{
  "createdWith": "Open Stage Control",
  "version": "1.24.0",
  "type": "session",
  "content": {
    "type": "root",
    "lock": false,
    "id": "root",
    "visible": true,
    "interaction": true,
    "comments": "",
    "width": "auto",
    "height": "auto",
    "colorText": "auto",
    "colorWidget": "auto",
    "alphaFillOn": "auto",
    "borderRadius": "auto",
    "padding": "auto",
    "html": "",
    "css": "",
    "colorBg": "auto",
    "layout": "default",
    "justify": "start",
    "gridTemplate": "",
    "contain": true,
    "scroll": true,
    "innerPadding": true,
    "tabsPosition": "top",
    "hideMenu": false,
    "variables": "@{parent.variables}",
    "traversing": false,
    "value": "",
    "default": "",
    "linkId": "",
    "address": "auto",
    "preArgs": "",
    "typeTags": "",
    "decimals": 2,
    "target": "",
    "ignoreDefaults": false,
    "bypass": false,
    "onCreate": "",
    "onValue": "",
    "widgets": [
      {
        "type": "panel",
        "top": 10,
        "left": 10,
        "lock": false,
        "id": "panel_1",
        "visible": true,
        "interaction": true,
        "comments": "",
        "width": 330,
        "height": 220,
        "expand": "false",
        "colorText": "auto",
        "colorWidget": "auto",
        "colorStroke": "auto",
        "colorFill": "auto",
        "alphaStroke": "auto",
        "alphaFillOff": "auto",
        "alphaFillOn": "auto",
        "lineWidth": "auto",
        "borderRadius": "auto",
        "padding": "auto",
        "html": "",
        "css": "",
        "colorBg": "auto",
        "layout": "default",
        "justify": "start",
        "gridTemplate": "",
        "contain": true,
        "scroll": true,
        "innerPadding": true,
        "tabsPosition": "top",
        "variables": "@{parent.variables}",
        "traversing": false,
        "value": "",
        "default": "",
        "linkId": "",
        "address": "auto",
        "preArgs": "",
        "typeTags": "",
        "decimals": 2,
        "target": "",
        "ignoreDefaults": false,
        "bypass": false,
        "onCreate": "",
        "onValue": "",
        "widgets": [
          {
            "type": "variable",
            "lock": false,
            "id": "variable_harpScale",
            "comments": "",
            "value": "IMPORT{harpScale.json}",
            "default": "",
            "linkId": "",
            "address": "auto",
            "preArgs": "",
            "typeTags": "",
            "decimals": 2,
            "target": "",
            "ignoreDefaults": false,
            "bypass": false,
            "onCreate": "",
            "onValue": "var harpScale = get('variable_harpScale')\nvar ScaleButtonName = {}\nfor (var i = 0; i < harpScale.scale.length; i++){\n  ScaleButtonName[harpScale.scale[i].scaleName] = i\n}\nconsole.log(ScaleButtonName)\nsetVar (\"menu_B\",\"harpScaleMenu\",ScaleButtonName)\nset (\"menu_B\", 0)"
          },
          {
            "type": "menu",
            "top": 20,
            "left": 10,
            "lock": false,
            "id": "menu_A",
            "visible": true,
            "interaction": true,
            "comments": "",
            "width": 80,
            "height": 40,
            "expand": false,
            "size": 300,
            "ignoreTabs": true,
            "colorText": "auto",
            "colorWidget": "#114477",
            "colorStroke": "#cc0000",
            "colorFill": "#336699",
            "alphaStroke": 0,
            "alphaFillOff": 0.5,
            "alphaFillOn": 1,
            "lineWidth": 0,
            "padding": 1,
            "html": "",
            "css": "",
            "label": "%key",
            "icon": false,
            "textAlign": "center",
            "menuAlignV": "center",
            "menuAlignH": "center",
            "layout": "circular",
            "gridTemplate": "",
            "toggle": true,
            "doubleTap": false,
            "values": {
              "C": 0,
              "C#|Db": 1,
              "D": 2,
              "D#|Eb": 3,
              "E": 4,
              "F": 5,
              "F#|Gb": 6,
              "G": 7,
              "G#|Ab": 8,
              "A": 9,
              "A#|Bb": 10,
              "B": 11
            },
            "weights": "",
            "value": 0,
            "default": 0,
            "linkId": "",
            "address": "auto",
            "preArgs": "",
            "typeTags": "",
            "decimals": 2,
            "target": "",
            "ignoreDefaults": false,
            "bypass": false,
            "onCreate": "",
            "onValue": "var harpScale = get('variable_harpScale')\nvar k = get(this)\nvar s = get (\"menu_B\")\nset (\"text_A\", k)\nset (\"text_B\", s)",
            "borderRadius": 0
          },
          {
            "type": "menu",
            "top": 20,
            "left": 90,
            "lock": false,
            "id": "menu_B",
            "visible": true,
            "interaction": true,
            "comments": "",
            "width": 160,
            "height": 40,
            "expand": "false",
            "size": 320,
            "ignoreTabs": true,
            "colorText": "auto",
            "colorWidget": "#114477",
            "colorStroke": "auto",
            "colorFill": "#336699",
            "alphaStroke": 0,
            "alphaFillOff": 0.5,
            "alphaFillOn": 1,
            "lineWidth": 0,
            "padding": 1,
            "html": "",
            "css": "",
            "label": "%key",
            "icon": false,
            "textAlign": "center",
            "menuAlignV": "center",
            "menuAlignH": "center",
            "layout": "grid",
            "gridTemplate": 1,
            "toggle": true,
            "doubleTap": false,
            "values": "VAR{harpScaleMenu}",
            "weights": "",
            "value": "",
            "default": "",
            "linkId": "",
            "address": "auto",
            "preArgs": "",
            "typeTags": "",
            "decimals": 2,
            "target": "",
            "ignoreDefaults": false,
            "bypass": false,
            "onCreate": "",
            "onValue": "var harpScale = get('variable_harpScale')\nvar k = get(\"menu_A\")\nvar s = get (this)\nset (\"text_A\", k)\nset (\"text_B\", s)",
            "borderRadius": 0
          },
          {
            "type": "text",
            "top": 120,
            "left": 10,
            "lock": false,
            "id": "text_A",
            "visible": true,
            "comments": "",
            "width": 80,
            "height": 40,
            "expand": "false",
            "colorText": "auto",
            "colorWidget": "auto",
            "colorStroke": "auto",
            "colorFill": "auto",
            "alphaStroke": "auto",
            "alphaFillOff": "auto",
            "alphaFillOn": "auto",
            "lineWidth": "auto",
            "borderRadius": "auto",
            "padding": "auto",
            "html": "",
            "css": "",
            "vertical": false,
            "wrap": false,
            "align": "center",
            "value": "",
            "default": "",
            "linkId": "",
            "address": "auto",
            "preArgs": "",
            "decimals": 2,
            "target": "",
            "onCreate": "",
            "onValue": ""
          },
          {
            "type": "text",
            "top": 120,
            "left": 90,
            "lock": false,
            "id": "text_B",
            "visible": true,
            "comments": "",
            "width": 160,
            "height": 40,
            "expand": "false",
            "colorText": "auto",
            "colorWidget": "auto",
            "colorStroke": "auto",
            "colorFill": "auto",
            "alphaStroke": "auto",
            "alphaFillOff": "auto",
            "alphaFillOn": "auto",
            "lineWidth": "auto",
            "borderRadius": "auto",
            "padding": "auto",
            "html": "",
            "css": "",
            "vertical": false,
            "wrap": false,
            "align": "center",
            "value": "",
            "default": "",
            "linkId": "",
            "address": "auto",
            "preArgs": "",
            "decimals": 2,
            "target": "",
            "onCreate": "",
            "onValue": ""
          }
        ],
        "tabs": []
      }
    ],
    "tabs": []
  }
}