{	"scales" : 	[		{			"countKeys" : 7,			"groupColor" : "aa330088",			"keys" : [ 0, 1, 3, 4, 6, 8, 10 ],			"scaleName" : "altered"		},		{			"countKeys" : 6,			"groupColor" : "aa330088",			"keys" : [ 0, 3, 4, 7, 8, 11 ],			"scaleName" : "augmented"		},		{			"countKeys" : 7,			"groupColor" : "aa330088",			"keys" : [ 0, 1, 3, 5, 7, 8, 11 ],			"scaleName" : "balinese"		},		{			"countKeys" : 8,			"groupColor" : "aa3300ff",			"keys" : [ 0, 2, 3, 4, 5, 7, 9, 10 ],			"scaleName" : "bebob dorian"		},		{			"countKeys" : 8,			"groupColor" : "aa3300ff",			"keys" : [ 0, 2, 3, 5, 7, 8, 10, 11 ],			"scaleName" : "bebob harmonic minor"		},		{			"countKeys" : 8,			"groupColor" : "aa3300ff",			"keys" : [ 0, 2, 3, 5, 7, 8, 9, 11 ],			"scaleName" : "bebob melodic minor"		},		{			"countKeys" : 8,			"groupColor" : "aa3300ff",			"keys" : [ 0, 2, 4, 5, 7, 9, 10, 11 ],			"scaleName" : "bebop dominant"		},		{			"countKeys" : 8,			"groupColor" : "aa3300ff",			"keys" : [ 0, 1, 3, 5, 6, 7, 8, 10 ],			"scaleName" : "bebop locrian"		},		{			"countKeys" : 8,			"groupColor" : "aa3300ff",			"keys" : [ 0, 2, 4, 5, 7, 8, 9, 11 ],			"scaleName" : "bebop major"		},		{			"countKeys" : 7,			"groupColor" : "aa330088",			"keys" : [ 0, 1, 4, 5, 7, 8, 11 ],			"scaleName" : "bizantine (hijazkiar)"		},		{			"countKeys" : 9,			"groupColor" : "aa3300ff",			"keys" : [ 0, 2, 3, 4, 5, 6, 7, 9, 10 ],			"scaleName" : "blues composite"		},		{			"countKeys" : 6,			"groupColor" : "aa3300ff",			"keys" : [ 0, 2, 3, 4, 7, 9 ],			"scaleName" : "blues major"		},		{			"countKeys" : 6,			"groupColor" : "aa3300ff",			"keys" : [ 0, 3, 5, 6, 7, 10 ],			"scaleName" : "blues minor"		},		{			"countKeys" : 12,			"groupColor" : "aa330088",			"keys" : [ 0, 1, 2, 3, 4, 5, 6, 7, 8, 9, 10, 11 ],			"scaleName" : "chromatic"		},		{			"countKeys" : 8,			"groupColor" : "aa330088",			"keys" : [ 0, 2, 3, 5, 6, 8, 9, 11 ],			"scaleName" : "diminished"		},		{			"countKeys" : 7,			"groupColor" : "00ff0055",			"keys" : [ 0, 2, 3, 5, 7, 9, 10 ],			"scaleName" : "dorian"		},		{			"countKeys" : 7,			"groupColor" : "aa3300ff",			"keys" : [ 0, 2, 3, 5, 6, 9, 10 ],			"scaleName" : "dorian b5"		},		{			"countKeys" : 7,			"groupColor" : "aa3300ff",			"keys" : [ 0, 2, 3, 6, 7, 9, 10 ],			"scaleName" : "dorian ukrainian"		},		{			"countKeys" : 7,			"groupColor" : "aa330088",			"keys" : [ 0, 1, 4, 5, 7, 8, 11 ],			"scaleName" : "double harmonic major (eastern)"		},		{			"countKeys" : 7,			"groupColor" : "aa330088",			"keys" : [ 0, 1, 4, 6, 8, 10, 11 ],			"scaleName" : "enigmatic"		},		{			"countKeys" : 7,			"groupColor" : "aa330088",			"keys" : [ 0, 1, 3, 4, 6, 7, 10 ],			"scaleName" : "flamenco"		},		{			"countKeys" : 7,			"groupColor" : "aa330088",			"keys" : [ 0, 2, 3, 5, 6, 8, 10 ],			"scaleName" : "half diminished"		},		{			"countKeys" : 7,			"groupColor" : "aa3300ff",			"keys" : [ 0, 2, 4, 5, 7, 8, 11 ],			"scaleName" : "harmonic major"		},		{			"countKeys" : 7,			"groupColor" : "aa3300ff",			"keys" : [ 0, 2, 3, 5, 7, 8, 11 ],			"scaleName" : "harmonic minor"		},		{			"countKeys" : 7,			"groupColor" : "aa330088",			"keys" : [ 0, 3, 4, 5, 7, 8, 11 ],			"scaleName" : "heptatonic augmented"		},		{			"countKeys" : 6,			"groupColor" : "aa3300ff",			"keys" : [ 0, 2, 3, 5, 7, 11 ],			"scaleName" : "hexatonic minor"		},		{			"countKeys" : 7,			"groupColor" : "aa330088",			"keys" : [ 0, 2, 4, 5, 7, 8, 10 ],			"scaleName" : "hindu"		},		{			"countKeys" : 5,			"groupColor" : "aa330088",			"keys" : [ 0, 2, 3, 7, 8 ],			"scaleName" : "hirajoshi"		},		{			"countKeys" : 7,			"groupColor" : "aa3300ff",			"keys" : [ 0, 2, 3, 6, 7, 8, 10 ],			"scaleName" : "hungarian gypsy"		},		{			"countKeys" : 7,			"groupColor" : "aa3300ff",			"keys" : [ 0, 3, 4, 6, 7, 9, 10 ],			"scaleName" : "hungarian major"		},		{			"countKeys" : 7,			"groupColor" : "aa3300ff",			"keys" : [ 0, 2, 3, 6, 7, 8, 11 ],			"scaleName" : "hungarian minor"		},		{			"countKeys" : 8,			"groupColor" : "aa330088",			"keys" : [ 0, 2, 4, 5, 6, 7, 9, 11 ],			"scaleName" : "ichikosucho"		},		{			"countKeys" : 6,			"groupColor" : "aa330088",			"keys" : [ 0, 1, 5, 7, 8, 10 ],			"scaleName" : "insen"		},		{			"countKeys" : 7,			"groupColor" : "aa330088",			"keys" : [ 0, 2, 4, 5, 8, 9, 11 ],			"scaleName" : "ionian augmented"		},		{			"countKeys" : 5,			"groupColor" : "aa330088",			"keys" : [ 0, 1, 5, 6, 10 ],			"scaleName" : "iwato"		},		{			"countKeys" : 7,			"groupColor" : "00ff0055",			"keys" : [ 0, 1, 3, 5, 6, 8, 10 ],			"scaleName" : "locrian"		},		{			"countKeys" : 7,			"groupColor" : "aa330088",			"keys" : [ 0, 1, 3, 5, 6, 8, 9 ],			"scaleName" : "locrian diminished"		},		{			"countKeys" : 7,			"groupColor" : "aa330088",			"keys" : [ 0, 2, 4, 5, 6, 8, 10 ],			"scaleName" : "locrian major"		},		{			"countKeys" : 5,			"groupColor" : "aa330088",			"keys" : [ 0, 3, 5, 6, 10 ],			"scaleName" : "locrian pentatonic"		},		{			"countKeys" : 7,			"groupColor" : "00ff0055",			"keys" : [ 0, 2, 4, 6, 7, 9, 11 ],			"scaleName" : "lydian"		},		{			"countKeys" : 7,			"groupColor" : "aa3300ff",			"keys" : [ 0, 2, 4, 6, 8, 9, 11 ],			"scaleName" : "lydian augmented"		},		{			"countKeys" : 7,			"groupColor" : "aa3300ff",			"keys" : [ 0, 3, 4, 6, 8, 9, 11 ],			"scaleName" : "lydian augmented #2"		},		{			"countKeys" : 7,			"groupColor" : "aa3300ff",			"keys" : [ 0, 2, 4, 6, 8, 9, 10 ],			"scaleName" : "lydian augmented dominant"		},		{			"countKeys" : 7,			"groupColor" : "aa3300ff",			"keys" : [ 0, 2, 3, 6, 7, 9, 11 ],			"scaleName" : "lydian b3"		},		{			"countKeys" : 7,			"groupColor" : "aa3300ff",			"keys" : [ 0, 2, 4, 6, 7, 8, 10 ],			"scaleName" : "lydian b6 dominant"		},		{			"countKeys" : 7,			"groupColor" : "aa3300ff",			"keys" : [ 0, 2, 4, 6, 7, 9, 10 ],			"scaleName" : "lydian dominant"		},		{			"countKeys" : 7,			"groupColor" : "00ff0055",			"keys" : [ 0, 2, 4, 5, 7, 9, 11 ],			"scaleName" : "major"		},		{			"countKeys" : 7,			"groupColor" : "aa330088",			"keys" : [ 0, 1, 4, 5, 7, 8, 11 ],			"scaleName" : "maqams"		},		{			"countKeys" : 7,			"groupColor" : "aa3300ff",			"keys" : [ 0, 2, 3, 5, 7, 9, 11 ],			"scaleName" : "melodic minor ascending"		},		{			"countKeys" : 7,			"groupColor" : "aa3300ff",			"keys" : [ 0, 2, 4, 5, 7, 8, 10 ],			"scaleName" : "melodic minor fifth mode"		},		{			"countKeys" : 7,			"groupColor" : "00ff0055",			"keys" : [ 0, 2, 3, 5, 7, 8, 10 ],			"scaleName" : "minor (aeolian) natural"		},		{			"countKeys" : 7,			"groupColor" : "00ff0055",			"keys" : [ 0, 2, 4, 5, 7, 9, 10 ],			"scaleName" : "mixolydian"		},		{			"countKeys" : 7,			"groupColor" : "aa3300ff",			"keys" : [ 0, 2, 4, 5, 8, 9, 10 ],			"scaleName" : "mixolydian augmented"		},		{			"countKeys" : 7,			"groupColor" : "aa3300ff",			"keys" : [ 0, 1, 4, 5, 7, 9, 10 ],			"scaleName" : "mixolydian b2"		},		{			"countKeys" : 7,			"groupColor" : "aa330088",			"keys" : [ 0, 1, 3, 5, 7, 9, 11 ],			"scaleName" : "neapolitan major"		},		{			"countKeys" : 7,			"groupColor" : "aa330088",			"keys" : [ 0, 1, 3, 5, 7, 8, 11 ],			"scaleName" : "neapolitan minor"		},		{			"countKeys" : 9,			"groupColor" : "aa3300ff",			"keys" : [ 0, 2, 3, 4, 6, 7, 8, 9, 11 ],			"scaleName" : "nine tone"		},		{			"countKeys" : 7,			"groupColor" : "aa3300ff",			"keys" : [ 0, 1, 4, 5, 6, 9, 10 ],			"scaleName" : "oriental"		},		{			"countKeys" : 5,			"groupColor" : "aa330088",			"keys" : [ 0, 2, 5, 7, 10 ],			"scaleName" : "pentatonic egyptian"		},		{			"countKeys" : 5,			"groupColor" : "aa330088",			"keys" : [ 0, 4, 6, 7, 11 ],			"scaleName" : "pentatonic lydian (chinese)"		},		{			"countKeys" : 5,			"groupColor" : "aa330088",			"keys" : [ 0, 2, 4, 7, 9 ],			"scaleName" : "pentatonic major"		},		{			"countKeys" : 5,			"groupColor" : "aa330088",			"keys" : [ 0, 3, 5, 8, 10 ],			"scaleName" : "pentatonic man gong"		},		{			"countKeys" : 5,			"groupColor" : "aa330088",			"keys" : [ 0, 3, 5, 7, 10 ],			"scaleName" : "pentatonic minor"		},		{			"countKeys" : 5,			"groupColor" : "aa330088",			"keys" : [ 0, 3, 5, 7, 9 ],			"scaleName" : "pentatonic minor six"		},		{			"countKeys" : 5,			"groupColor" : "aa330088",			"keys" : [ 0, 4, 5, 7, 10 ],			"scaleName" : "pentatonic mixolydian"		},		{			"countKeys" : 5,			"groupColor" : "aa330088",			"keys" : [ 0, 2, 5, 7, 9 ],			"scaleName" : "pentatonic ritusen"		},		{			"countKeys" : 7,			"groupColor" : "aa3300ff",			"keys" : [ 0, 1, 4, 5, 6, 8, 11 ],			"scaleName" : "persian"		},		{			"countKeys" : 7,			"groupColor" : "00ff0055",			"keys" : [ 0, 1, 3, 5, 7, 8, 10 ],			"scaleName" : "phrygian"		},		{			"countKeys" : 7,			"groupColor" : "aa330088",			"keys" : [ 0, 1, 3, 4, 7, 8, 10 ],			"scaleName" : "phrygian b4"		},		{			"countKeys" : 7,			"groupColor" : "",			"keys" : [ 0, 1, 4, 5, 7, 8, 10 ],			"scaleName" : "phrygian dominant"		},		{			"countKeys" : 6,			"groupColor" : "aa3300ff",			"keys" : [ 0, 2, 4, 6, 9, 10 ],			"scaleName" : "prometheus"		},		{			"countKeys" : 6,			"groupColor" : "aa3300ff",			"keys" : [ 0, 1, 4, 6, 9, 10 ],			"scaleName" : "prometheus neopolitan"		},		{			"countKeys" : 8,			"groupColor" : "aa330088",			"keys" : [ 0, 3, 4, 5, 7, 9, 10, 11 ],			"scaleName" : "raga kafi"		},		{			"countKeys" : 5,			"groupColor" : "aa330088",			"keys" : [ 0, 3, 5, 8, 10 ],			"scaleName" : "raga malkos"		},		{			"countKeys" : 8,			"groupColor" : "aa330088",			"keys" : [ 0, 1, 4, 5, 6, 7, 8, 11 ],			"scaleName" : "raga purvi"		},		{			"countKeys" : 7,			"groupColor" : "aa330088",			"keys" : [ 0, 1, 3, 6, 7, 8, 11 ],			"scaleName" : "raga todi"		},		{			"countKeys" : 7,			"groupColor" : "aa3300ff",			"keys" : [ 0, 2, 3, 6, 7, 9, 10 ],			"scaleName" : "romanian minor"		},		{			"countKeys" : 5,			"groupColor" : "aa3300ff",			"keys" : [ 0, 4, 5, 7, 11 ],			"scaleName" : "ryukyu"		},		{			"countKeys" : 6,			"groupColor" : "aa3300ff",			"keys" : [ 0, 1, 4, 5, 6, 9 ],			"scaleName" : "six tone symmetric"		},		{			"countKeys" : 7,			"groupColor" : "aa330088",			"keys" : [ 0, 1, 4, 5, 7, 8, 10 ],			"scaleName" : "spanish"		},		{			"countKeys" : 8,			"groupColor" : "aa330088",			"keys" : [ 0, 1, 3, 4, 5, 7, 8, 10 ],			"scaleName" : "spanish heptatonic"		},		{			"countKeys" : 6,			"groupColor" : "aa3300ff",			"keys" : [ 0, 1, 4, 6, 7, 10 ],			"scaleName" : "tritone"		},		{			"countKeys" : 7,			"groupColor" : "aa3300ff",			"keys" : [ 0, 1, 3, 4, 7, 8, 9 ],			"scaleName" : "ultraphrygian"		},		{			"countKeys" : 6,			"groupColor" : "aa3300ff",			"keys" : [ 0, 2, 4, 6, 8, 10 ],			"scaleName" : "whole tone"		}	]}