{
  "createdWith": "Open Stage Control",
  "version": "1.24.0",
  "type": "session",
  "content": {
    "type": "root",
    "lock": false,
    "id": "root",
    "visible": true,
    "interaction": true,
    "comments": "",
    "width": "auto",
    "height": "auto",
    "colorText": "auto",
    "colorWidget": "auto",
    "alphaFillOn": "auto",
    "borderRadius": "auto",
    "padding": "auto",
    "html": "",
    "css": "",
    "colorBg": "auto",
    "layout": "default",
    "justify": "start",
    "gridTemplate": "",
    "contain": true,
    "scroll": true,
    "innerPadding": true,
    "tabsPosition": "top",
    "hideMenu": false,
    "variables": "@{parent.variables}",
    "traversing": false,
    "value": "",
    "default": "",
    "linkId": "",
    "address": "auto",
    "preArgs": "",
    "typeTags": "",
    "decimals": 2,
    "target": "",
    "ignoreDefaults": false,
    "bypass": false,
    "onCreate": "",
    "onValue": "",
    "widgets": [],
    "tabs": [
      {
        "type": "tab",
        "lock": false,
        "id": "tab_1",
        "visible": true,
        "interaction": true,
        "comments": "",
        "colorText": "auto",
        "colorWidget": "auto",
        "colorFill": "auto",
        "borderRadius": 0,
        "padding": 0,
        "html": "",
        "css": "",
        "colorBg": "auto",
        "layout": "default",
        "justify": "start",
        "gridTemplate": "",
        "contain": true,
        "scroll": true,
        "innerPadding": true,
        "label": "auto",
        "variables": "@{parent.variables}",
        "traversing": false,
        "value": "",
        "default": "",
        "linkId": "",
        "address": "auto",
        "preArgs": "",
        "typeTags": "",
        "decimals": 2,
        "target": "",
        "ignoreDefaults": false,
        "bypass": false,
        "onCreate": "",
        "onValue": "",
        "widgets": [
          {
            "type": "range",
            "top": 10,
            "left": 0,
            "lock": false,
            "id": "range_1",
            "visible": true,
            "interaction": true,
            "comments": "",
            "width": 280,
            "height": 70,
            "expand": "false",
            "colorText": "auto",
            "colorWidget": "#ff0000",
            "colorStroke": "auto",
            "colorFill": "auto",
            "alphaStroke": 0.25,
            "alphaFillOff": 0.25,
            "alphaFillOn": 1,
            "lineWidth": 2,
            "padding": 10,
            "html": "",
            "css": "",
            "design": "round",
            "knobSize": 20,
            "horizontal": true,
            "pips": true,
            "dashed": false,
            "gradient": [],
            "snap": false,
            "spring": false,
            "doubleTap": false,
            "range": {
              "0%": {
                "C0": 0
              },
              "14.29%": {
                "C1": 1
              },
              "28.58%": {
                "C2": 2
              },
              "42.87%": {
                "C3": 3
              },
              "57.16%": {
                "C4": 4
              },
              "71.45%": {
                "C5": 5
              },
              "85.74%": {
                "C6": 6
              },
              "100%": {
                "C7": 7
              }
            },
            "logScale": false,
            "sensitivity": 1,
            "steps": 8,
            "value": "",
            "default": [
              0,
              7
            ],
            "linkId": "",
            "address": "auto",
            "preArgs": "",
            "typeTags": "",
            "decimals": 2,
            "target": "",
            "ignoreDefaults": false,
            "bypass": false,
            "onCreate": "",
            "onValue": "setVar('text_0','quantity', value[0])\nsetVar('text_1','quantity', value[1])",
            "onTouch": "",
            "borderRadius": 0
          },
          {
            "type": "text",
            "top": 110,
            "left": 10,
            "lock": false,
            "id": "text_0",
            "visible": true,
            "comments": "",
            "width": "auto",
            "height": 40,
            "expand": "false",
            "colorText": "auto",
            "colorWidget": "auto",
            "colorStroke": "auto",
            "colorFill": "auto",
            "alphaStroke": "auto",
            "alphaFillOff": "auto",
            "alphaFillOn": "auto",
            "lineWidth": "auto",
            "borderRadius": "auto",
            "padding": "auto",
            "html": "",
            "css": "",
            "vertical": false,
            "wrap": false,
            "align": "center",
            "value": "VAR{quantity}",
            "default": "",
            "linkId": "",
            "address": "auto",
            "preArgs": "",
            "decimals": 2,
            "target": "",
            "onCreate": "",
            "onValue": ""
          },
          {
            "type": "text",
            "top": 110,
            "left": 110,
            "lock": false,
            "id": "text_1",
            "visible": true,
            "comments": "",
            "width": "auto",
            "height": 40,
            "expand": "false",
            "colorText": "auto",
            "colorWidget": "auto",
            "colorStroke": "auto",
            "colorFill": "auto",
            "alphaStroke": "auto",
            "alphaFillOff": "auto",
            "alphaFillOn": "auto",
            "lineWidth": "auto",
            "borderRadius": "auto",
            "padding": "auto",
            "html": "",
            "css": "",
            "vertical": false,
            "wrap": false,
            "align": "center",
            "value": "VAR{quantity}",
            "default": "",
            "linkId": "",
            "address": "auto",
            "preArgs": "",
            "decimals": 2,
            "target": "",
            "onCreate": "",
            "onValue": ""
          }
        ],
        "tabs": [],
        "tabsPosition": "top"
      }
    ]
  }
}