{	"scales" : 	[		{			"countKeys" : 7,			"keys" : [ 0, 2, 4, 5, 7, 9, 11 ],			"scaleName" : "major"		},		{			"countKeys" : 7,			"keys" : [ 0, 2, 3, 5, 7, 9, 10 ],			"scaleName" : "dorian"		},		{			"countKeys" : 7,			"keys" : [ 0, 1, 3, 5, 7, 8, 10 ],			"scaleName" : "phrygian"		},		{			"countKeys" : 7,			"keys" : [ 0, 2, 4, 6, 7, 9, 11 ],			"scaleName" : "lydian"		},		{			"countKeys" : 7,			"keys" : [ 0, 2, 4, 5, 7, 9, 10 ],			"scaleName" : "mixolydian"		},		{			"countKeys" : 7,			"keys" : [ 0, 2, 3, 5, 7, 8, 10 ],			"scaleName" : "minor"		},		{			"countKeys" : 7,			"keys" : [ 0, 1, 3, 5, 6, 8, 10 ],			"scaleName" : "locrian"		},		{			"countKeys" : 7,			"keys" : [ 0, 2, 4, 5, 7, 8, 11 ],			"scaleName" : "harmonic major"		},		{			"countKeys" : 7,			"keys" : [ 0, 2, 3, 5, 7, 8, 11 ],			"scaleName" : "harmonic minor"		},		{			"countKeys" : 7,			"keys" : [ 0, 2, 3, 5, 7, 9, 11 ],			"scaleName" : "melodic minor"		},		{			"countKeys" : 7,			"keys" : [ 0, 2, 4, 5, 7, 8, 10 ],			"scaleName" : "melodic minor fifth mode"		},		{			"countKeys" : 7,			"keys" : [ 0, 2, 3, 5, 7, 8, 10 ],			"scaleName" : "aeolian"		},		{			"countKeys" : 7,			"keys" : [ 0, 2, 4, 6, 8, 9, 11 ],			"scaleName" : "lydian augmented"		},		{			"countKeys" : 7,			"keys" : [ 0, 2, 4, 6, 7, 9, 10 ],			"scaleName" : "lydian dominant"		},		{			"countKeys" : 7,			"keys" : [ 0, 2, 4, 5, 6, 8, 10 ],			"scaleName" : "locrian major"		},		{			"countKeys" : 7,			"keys" : [ 0, 1, 3, 4, 6, 8, 10 ],			"scaleName" : "altered"		},		{			"countKeys" : 5,			"keys" : [ 0, 2, 4, 7, 9 ],			"scaleName" : "major pentatonic"		},		{			"countKeys" : 5,			"keys" : [ 0, 4, 6, 7, 11 ],			"scaleName" : "lydian pentatonic"		},		{			"countKeys" : 5,			"keys" : [ 0, 4, 5, 7, 10 ],			"scaleName" : "mixolydian pentatonic"		},		{			"countKeys" : 5,			"keys" : [ 0, 3, 5, 6, 10 ],			"scaleName" : "locrian pentatonic"		},		{			"countKeys" : 5,			"keys" : [ 0, 3, 5, 7, 10 ],			"scaleName" : "minor pentatonic"		},		{			"countKeys" : 5,			"keys" : [ 0, 3, 5, 7, 9 ],			"scaleName" : "minor six pentatonic"		},		{			"countKeys" : 6,			"keys" : [ 0, 2, 3, 5, 7, 11 ],			"scaleName" : "minor hexatonic"		},		{			"countKeys" : 6,			"keys" : [ 0, 2, 3, 4, 7, 9 ],			"scaleName" : "major blues"		},		{			"countKeys" : 6,			"keys" : [ 0, 3, 5, 6, 7, 10 ],			"scaleName" : "minor blues"		},		{			"countKeys" : 9,			"keys" : [ 0, 2, 3, 4, 5, 6, 7, 9, 10 ],			"scaleName" : "composite blues"		},		{			"countKeys" : 6,			"keys" : [ 0, 3, 4, 7, 8, 11 ],			"scaleName" : "augmented"		},		{			"countKeys" : 7,			"keys" : [ 0, 3, 4, 5, 7, 8, 11 ],			"scaleName" : "augmented heptatonic"		},		{			"countKeys" : 7,			"keys" : [ 0, 2, 4, 6, 7, 8, 10 ],			"scaleName" : "lydian minor"		},		{			"countKeys" : 8,			"keys" : [ 0, 2, 3, 5, 6, 8, 9, 11 ],			"scaleName" : "diminished"		},		{			"countKeys" : 7,			"keys" : [ 0, 2, 3, 6, 7, 8, 10 ],			"scaleName" : "hungarian gypsy"		},		{			"countKeys" : 7,			"keys" : [ 0, 2, 3, 6, 7, 8, 11 ],			"scaleName" : "hungarian minor"		},		{			"countKeys" : 5,			"keys" : [ 0, 2, 5, 7, 10 ],			"scaleName" : "egyptian"		},		{			"countKeys" : 7,			"keys" : [ 0, 3, 4, 6, 7, 9, 10 ],			"scaleName" : "hungarian major"		},		{			"countKeys" : 7,			"keys" : [ 0, 2, 3, 6, 7, 9, 10 ],			"scaleName" : "romanian minor"		},		{			"countKeys" : 7,			"keys" : [ 0, 1, 4, 5, 6, 9, 10 ],			"scaleName" : "oriental"		},		{			"countKeys" : 7,			"keys" : [ 0, 1, 4, 5, 7, 8, 10 ],			"scaleName" : "spanish"		},		{			"countKeys" : 8,			"keys" : [ 0, 1, 3, 4, 5, 7, 8, 10 ],			"scaleName" : "spanish heptatonic"		},		{			"countKeys" : 7,			"keys" : [ 0, 1, 3, 4, 6, 7, 10 ],			"scaleName" : "flamenco"		},		{			"countKeys" : 7,			"keys" : [ 0, 1, 3, 5, 7, 8, 11 ],			"scaleName" : "balinese"		},		{			"countKeys" : 7,			"keys" : [ 0, 1, 4, 5, 6, 8, 11 ],			"scaleName" : "persian"		},		{			"countKeys" : 8,			"keys" : [ 0, 2, 4, 5, 7, 9, 10, 11 ],			"scaleName" : "bebob"		},		{			"countKeys" : 8,			"keys" : [ 0, 2, 4, 5, 7, 8, 9, 11 ],			"scaleName" : "bebop major"		},		{			"countKeys" : 8,			"keys" : [ 0, 2, 3, 4, 5, 7, 9, 10 ],			"scaleName" : "bebop minor"		},		{			"countKeys" : 8,			"keys" : [ 0, 1, 3, 5, 6, 7, 8, 10 ],			"scaleName" : "bebop locrian"		},		{			"countKeys" : 8,			"keys" : [ 0, 2, 3, 5, 7, 8, 10, 11 ],			"scaleName" : "minor bebop"		}	]}