{
  "session": {
    "type": "root",
    "id": "root",
    "linkId": "",
    "css": "",
    "default": "",
    "value": "",
    "address": "/root",
    "preArgs": "",
    "target": "",
    "bypass": true,
    "traversing": false,
    "variables": {},
    "tabs": [
      {
        "type": "tab",
        "id": "top",
        "linkId": "",
        "label": "I M P L I C A T I O N   O R G A N",
        "css": "",
        "default": "",
        "value": "",
        "address": "/main",
        "preArgs": "",
        "target": "",
        "bypass": true,
        "variables": "@{parent.variables}",
        "widgets": [
          {
            "type": "panel",
            "top": 20,
            "left": 30,
            "id": "master",
            "linkId": "",
            "width": 150,
            "height": 440,
            "css": "",
            "scroll": false,
            "default": "",
            "value": "",
            "address": "/master",
            "preArgs": "",
            "target": "",
            "bypass": true,
            "variables": "@{parent.variables}",
            "widgets": [
              {
                "type": "fader",
                "top": 10,
                "left": 10,
                "id": "main",
                "linkId": "",
                "width": 60,
                "height": 390,
                "css": "",
                "horizontal": false,
                "pips": false,
                "dashed": false,
                "snap": false,
                "spring": false,
                "doubleTap": false,
                "range": {
                  "min": 0,
                  "max": 1
                },
                "logScale": false,
                "sensitivity": 1,
                "steps": "",
                "origin": "auto",
                "default": 1,
                "value": "",
                "address": "/io/master/main",
                "preArgs": "",
                "target": "",
                "bypass": false,
                "decimals": 2,
                "design": "compact",
                "visible": true,
                "interaction": true,
                "expand": "false",
                "colorText": "auto",
                "colorWidget": "auto",
                "colorStroke": "auto",
                "colorFill": "auto",
                "alphaStroke": "auto",
                "alphaFillOff": "auto",
                "alphaFillOn": "auto",
                "padding": "auto",
                "gradient": [],
                "script": "",
                "typeTags": "",
                "ignoreDefaults": false,
                "lineWidth": "auto",
                "html": "Dyad",
                "knobSize": "auto"
              },
              {
                "type": "fader",
                "top": 10,
                "left": 80,
                "id": "gen",
                "linkId": "",
                "width": 60,
                "height": 390,
                "css": "",
                "horizontal": false,
                "pips": false,
                "dashed": false,
                "snap": false,
                "spring": false,
                "doubleTap": false,
                "range": {
                  "min": 0,
                  "max": 1
                },
                "logScale": false,
                "sensitivity": 1,
                "steps": "",
                "origin": "auto",
                "default": 1,
                "value": "",
                "address": "/io/master/generated",
                "preArgs": "",
                "target": "",
                "bypass": false,
                "decimals": 2,
                "design": "compact",
                "visible": true,
                "interaction": true,
                "expand": "false",
                "colorText": "auto",
                "colorWidget": "auto",
                "colorStroke": "auto",
                "colorFill": "auto",
                "alphaStroke": "auto",
                "alphaFillOff": "auto",
                "alphaFillOn": "auto",
                "padding": "auto",
                "gradient": [],
                "script": "",
                "typeTags": "",
                "ignoreDefaults": false,
                "lineWidth": "auto",
                "html": "Others",
                "knobSize": "auto"
              },
              {
                "type": "text",
                "top": 410,
                "left": 20,
                "id": "text_1",
                "visible": true,
                "width": 110,
                "height": 60,
                "expand": "false",
                "colorText": "auto",
                "colorWidget": "auto",
                "colorStroke": "auto",
                "colorFill": "auto",
                "alphaStroke": "auto",
                "alphaFillOff": "auto",
                "alphaFillOn": "auto",
                "lineWidth": "auto",
                "padding": "auto",
                "html": "&#9495;&#9473;LEVELS&#9473;&#9499;",
                "css": "",
                "vertical": false,
                "wrap": false,
                "align": "center",
                "value": "Master",
                "default": "Master",
                "linkId": "",
                "script": "",
                "address": "auto",
                "preArgs": "",
                "decimals": 2,
                "target": ""
              }
            ],
            "tabs": [],
            "decimals": 2,
            "colorWidget": "lime",
            "innerPadding": false,
            "padding": 0,
            "alphaStroke": 0,
            "visible": true,
            "interaction": true,
            "expand": "false",
            "colorBg": "auto",
            "colorText": "auto",
            "colorStroke": "auto",
            "colorFill": "auto",
            "alphaFillOff": "auto",
            "alphaFillOn": "auto",
            "traversing": false,
            "layout": "default",
            "justify": "start",
            "gridTemplate": "",
            "verticalTabs": false,
            "script": "",
            "typeTags": "",
            "ignoreDefaults": false,
            "lineWidth": "auto",
            "html": "",
            "contain": true
          },
          {
            "type": "panel",
            "top": 20,
            "left": 900,
            "id": "filter",
            "linkId": "",
            "width": 110,
            "height": 320,
            "css": "",
            "scroll": false,
            "default": "",
            "value": "",
            "address": "/filter",
            "preArgs": "",
            "target": "",
            "bypass": true,
            "variables": "@{parent.variables}",
            "widgets": [
              {
                "type": "knob",
                "top": 10,
                "left": 10,
                "id": "cutoff",
                "linkId": "",
                "width": 90,
                "height": 130,
                "css": "",
                "pips": false,
                "dashed": false,
                "spring": false,
                "doubleTap": false,
                "range": {
                  "min": 0,
                  "max": 1
                },
                "logScale": false,
                "sensitivity": 1,
                "steps": "",
                "origin": "auto",
                "default": "",
                "value": "",
                "address": "/io/filter/cutoff",
                "preArgs": "",
                "target": "",
                "bypass": false,
                "angle": 270,
                "decimals": 2,
                "visible": true,
                "interaction": true,
                "expand": "false",
                "colorText": "auto",
                "colorWidget": "auto",
                "colorStroke": "auto",
                "colorFill": "auto",
                "alphaStroke": "auto",
                "alphaFillOff": "auto",
                "alphaFillOn": "auto",
                "padding": "auto",
                "mode": "vertical",
                "script": "",
                "typeTags": "",
                "ignoreDefaults": false,
                "lineWidth": "auto",
                "html": "Cutoff",
                "design": "default"
              },
              {
                "type": "knob",
                "top": 150,
                "left": 10,
                "id": "q",
                "linkId": "",
                "width": 90,
                "height": 130,
                "css": "",
                "pips": false,
                "dashed": false,
                "spring": false,
                "doubleTap": false,
                "range": {
                  "min": 0,
                  "max": 1
                },
                "logScale": false,
                "sensitivity": 1,
                "steps": "",
                "origin": "auto",
                "default": "",
                "value": "",
                "address": "/io/filter/q",
                "preArgs": "",
                "target": "",
                "bypass": false,
                "angle": 270,
                "decimals": 2,
                "visible": true,
                "interaction": true,
                "expand": "false",
                "colorText": "auto",
                "colorWidget": "auto",
                "colorStroke": "auto",
                "colorFill": "auto",
                "alphaStroke": "auto",
                "alphaFillOff": "auto",
                "alphaFillOn": "auto",
                "padding": "auto",
                "mode": "vertical",
                "script": "",
                "typeTags": "",
                "ignoreDefaults": false,
                "lineWidth": "auto",
                "html": "Q",
                "design": "default"
              }
            ],
            "tabs": [],
            "decimals": 2,
            "colorWidget": "orange",
            "innerPadding": false,
            "padding": 0,
            "alphaStroke": 0,
            "visible": true,
            "interaction": true,
            "expand": false,
            "colorBg": "auto",
            "colorText": "auto",
            "colorStroke": "auto",
            "colorFill": "auto",
            "alphaFillOff": "auto",
            "alphaFillOn": "auto",
            "traversing": false,
            "layout": "default",
            "justify": "start",
            "gridTemplate": "",
            "verticalTabs": false,
            "script": "",
            "typeTags": "",
            "ignoreDefaults": false,
            "lineWidth": "auto",
            "html": "FILTER",
            "contain": true
          },
          {
            "type": "panel",
            "top": 20,
            "left": 190,
            "id": "combination tones",
            "linkId": "",
            "width": 400,
            "height": 440,
            "css": "",
            "scroll": false,
            "default": "",
            "value": "",
            "address": "/combinations",
            "preArgs": "",
            "target": "",
            "bypass": true,
            "variables": "@{parent.variables}",
            "widgets": [
              {
                "type": "fader",
                "top": 10,
                "left": 10,
                "id": "sub1",
                "linkId": "",
                "width": 60,
                "height": 390,
                "css": "",
                "horizontal": false,
                "pips": false,
                "dashed": false,
                "snap": false,
                "spring": false,
                "doubleTap": false,
                "range": {
                  "min": 0,
                  "max": 1
                },
                "logScale": false,
                "sensitivity": 1,
                "steps": "",
                "origin": "auto",
                "default": "",
                "value": "",
                "address": "/io/combos/sub",
                "preArgs": "",
                "target": "",
                "bypass": false,
                "decimals": 2,
                "colorWidget": "lime",
                "design": "compact",
                "visible": true,
                "interaction": true,
                "expand": "false",
                "colorText": "auto",
                "colorStroke": "auto",
                "colorFill": "auto",
                "alphaStroke": "auto",
                "alphaFillOff": "auto",
                "alphaFillOn": "auto",
                "padding": "auto",
                "gradient": [],
                "script": "",
                "typeTags": "",
                "ignoreDefaults": false,
                "lineWidth": "auto",
                "html": "Combos",
                "knobSize": "auto"
              },
              {
                "type": "fader",
                "top": 10,
                "left": 90,
                "id": "diff1",
                "linkId": "",
                "width": 40,
                "height": 390,
                "css": "",
                "horizontal": false,
                "pips": false,
                "dashed": false,
                "snap": false,
                "spring": false,
                "doubleTap": false,
                "range": {
                  "min": 0,
                  "max": 1
                },
                "logScale": false,
                "sensitivity": 1,
                "steps": "",
                "origin": "auto",
                "default": "",
                "value": "",
                "address": "/io/combos/diff1",
                "preArgs": "",
                "target": "",
                "bypass": false,
                "decimals": 2,
                "colorWidget": "green",
                "design": "round",
                "visible": true,
                "interaction": true,
                "expand": "false",
                "colorText": "auto",
                "colorStroke": "auto",
                "colorFill": "auto",
                "alphaStroke": "auto",
                "alphaFillOff": "auto",
                "alphaFillOn": "auto",
                "padding": "auto",
                "gradient": [],
                "script": "",
                "typeTags": "",
                "ignoreDefaults": false,
                "lineWidth": "auto",
                "html": "Diff 1",
                "knobSize": "auto"
              },
              {
                "type": "fader",
                "top": 10,
                "left": 140,
                "id": "diff2",
                "linkId": "",
                "width": 40,
                "height": 390,
                "css": "",
                "horizontal": false,
                "pips": false,
                "dashed": false,
                "snap": false,
                "spring": false,
                "doubleTap": false,
                "range": {
                  "min": 0,
                  "max": 1
                },
                "logScale": false,
                "sensitivity": 1,
                "steps": "",
                "origin": "auto",
                "default": "",
                "value": "",
                "address": "/io/combos/diff2",
                "preArgs": "",
                "target": "",
                "bypass": false,
                "decimals": 2,
                "colorWidget": "green",
                "design": "round",
                "visible": true,
                "interaction": true,
                "expand": "false",
                "colorText": "auto",
                "colorStroke": "auto",
                "colorFill": "auto",
                "alphaStroke": "auto",
                "alphaFillOff": "auto",
                "alphaFillOn": "auto",
                "padding": "auto",
                "gradient": [],
                "script": "",
                "typeTags": "",
                "ignoreDefaults": false,
                "lineWidth": "auto",
                "html": "Diff 2",
                "knobSize": "auto"
              },
              {
                "type": "fader",
                "top": 10,
                "left": 190,
                "id": "diff3",
                "linkId": "",
                "width": 40,
                "height": 390,
                "css": "",
                "horizontal": false,
                "pips": false,
                "dashed": false,
                "snap": false,
                "spring": false,
                "doubleTap": false,
                "range": {
                  "min": 0,
                  "max": 1
                },
                "logScale": false,
                "sensitivity": 1,
                "steps": "",
                "origin": "auto",
                "default": "",
                "value": "",
                "address": "/io/combos/diff3",
                "preArgs": "",
                "target": "",
                "bypass": false,
                "decimals": 2,
                "colorWidget": "green",
                "design": "round",
                "visible": true,
                "interaction": true,
                "expand": "false",
                "colorText": "auto",
                "colorStroke": "auto",
                "colorFill": "auto",
                "alphaStroke": "auto",
                "alphaFillOff": "auto",
                "alphaFillOn": "auto",
                "padding": "auto",
                "gradient": [],
                "script": "",
                "typeTags": "",
                "ignoreDefaults": false,
                "lineWidth": "auto",
                "html": "Diff 3",
                "knobSize": "auto"
              },
              {
                "type": "fader",
                "top": 10,
                "left": 240,
                "id": "sum1",
                "linkId": "",
                "width": 40,
                "height": 390,
                "css": "",
                "horizontal": false,
                "pips": false,
                "dashed": false,
                "snap": false,
                "spring": false,
                "doubleTap": false,
                "range": {
                  "min": 0,
                  "max": 1
                },
                "logScale": false,
                "sensitivity": 1,
                "steps": "",
                "origin": "auto",
                "default": "",
                "value": "",
                "address": "/io/combos/sum1",
                "preArgs": "",
                "target": "",
                "bypass": false,
                "decimals": 2,
                "colorWidget": "green",
                "design": "round",
                "visible": true,
                "interaction": true,
                "expand": "false",
                "colorText": "auto",
                "colorStroke": "auto",
                "colorFill": "auto",
                "alphaStroke": "auto",
                "alphaFillOff": "auto",
                "alphaFillOn": "auto",
                "padding": "auto",
                "gradient": [],
                "script": "",
                "typeTags": "",
                "ignoreDefaults": false,
                "lineWidth": "auto",
                "html": "Sum 1",
                "knobSize": "auto"
              },
              {
                "type": "fader",
                "top": 10,
                "left": 290,
                "id": "sum2",
                "linkId": "",
                "width": 40,
                "height": 390,
                "css": "",
                "horizontal": false,
                "pips": false,
                "dashed": false,
                "snap": false,
                "spring": false,
                "doubleTap": false,
                "range": {
                  "min": 0,
                  "max": 1
                },
                "logScale": false,
                "sensitivity": 1,
                "steps": "",
                "origin": "auto",
                "default": "",
                "value": "",
                "address": "/io/combos/sum2",
                "preArgs": "",
                "target": "",
                "bypass": false,
                "decimals": 2,
                "colorWidget": "green",
                "design": "round",
                "visible": true,
                "interaction": true,
                "expand": "false",
                "colorText": "auto",
                "colorStroke": "auto",
                "colorFill": "auto",
                "alphaStroke": "auto",
                "alphaFillOff": "auto",
                "alphaFillOn": "auto",
                "padding": "auto",
                "gradient": [],
                "script": "",
                "typeTags": "",
                "ignoreDefaults": false,
                "lineWidth": "auto",
                "html": "Sum 2",
                "knobSize": "auto"
              },
              {
                "type": "fader",
                "top": 10,
                "left": 340,
                "id": "prod",
                "linkId": "",
                "width": 40,
                "height": 390,
                "css": "",
                "horizontal": false,
                "pips": false,
                "dashed": false,
                "snap": false,
                "spring": false,
                "doubleTap": false,
                "range": {
                  "min": 0,
                  "max": 1
                },
                "logScale": false,
                "sensitivity": 1,
                "steps": "",
                "origin": "auto",
                "default": "",
                "value": "",
                "address": "/io/combos/prod",
                "preArgs": "",
                "target": "",
                "bypass": false,
                "decimals": 2,
                "colorWidget": "green",
                "design": "round",
                "visible": true,
                "interaction": true,
                "expand": "false",
                "colorText": "auto",
                "colorStroke": "auto",
                "colorFill": "auto",
                "alphaStroke": "auto",
                "alphaFillOff": "auto",
                "alphaFillOn": "auto",
                "padding": "auto",
                "gradient": [],
                "script": "",
                "typeTags": "",
                "ignoreDefaults": false,
                "lineWidth": "auto",
                "html": "Prod",
                "knobSize": "auto"
              },
              {
                "type": "text",
                "top": 410,
                "left": 140,
                "id": "text_2",
                "visible": true,
                "width": 110,
                "height": 30,
                "expand": "false",
                "colorText": "auto",
                "colorWidget": "auto",
                "colorStroke": "auto",
                "colorFill": "auto",
                "alphaStroke": "auto",
                "alphaFillOff": "auto",
                "alphaFillOn": "auto",
                "lineWidth": "auto",
                "padding": "auto",
                "html": "&#9495;&#9473;COMBOS&#9473;&#9499;",
                "css": "",
                "vertical": false,
                "wrap": false,
                "align": "center",
                "value": "",
                "default": "",
                "linkId": "",
                "script": "",
                "address": "auto",
                "preArgs": "",
                "decimals": 2,
                "target": ""
              }
            ],
            "tabs": [],
            "decimals": 2,
            "innerPadding": false,
            "padding": 0,
            "alphaStroke": 0,
            "visible": true,
            "interaction": true,
            "expand": "false",
            "colorBg": "auto",
            "colorText": "auto",
            "colorWidget": "auto",
            "colorStroke": "auto",
            "colorFill": "auto",
            "alphaFillOff": "auto",
            "alphaFillOn": "auto",
            "traversing": false,
            "layout": "default",
            "justify": "start",
            "gridTemplate": "",
            "verticalTabs": false,
            "script": "",
            "typeTags": "",
            "ignoreDefaults": false,
            "lineWidth": "auto",
            "html": "",
            "contain": true
          },
          {
            "type": "panel",
            "top": 20,
            "left": 600,
            "id": "means",
            "linkId": "",
            "width": 300,
            "height": 440,
            "css": "",
            "scroll": false,
            "default": "",
            "value": "",
            "address": "/means",
            "preArgs": "",
            "target": "",
            "bypass": true,
            "variables": "@{parent.variables}",
            "widgets": [
              {
                "type": "fader",
                "top": 10,
                "left": 10,
                "id": "sub2",
                "linkId": "",
                "width": 60,
                "height": 390,
                "css": "",
                "horizontal": false,
                "pips": false,
                "dashed": false,
                "snap": false,
                "spring": false,
                "doubleTap": false,
                "range": {
                  "min": 0,
                  "max": 1
                },
                "logScale": false,
                "sensitivity": 1,
                "steps": "",
                "origin": "auto",
                "default": "",
                "value": "",
                "address": "/io/means/sub",
                "preArgs": "",
                "target": "",
                "bypass": false,
                "decimals": 2,
                "colorWidget": "lime",
                "design": "compact",
                "visible": true,
                "interaction": true,
                "expand": "false",
                "colorText": "auto",
                "colorStroke": "auto",
                "colorFill": "auto",
                "alphaStroke": "auto",
                "alphaFillOff": "auto",
                "alphaFillOn": "auto",
                "padding": "auto",
                "gradient": [],
                "script": "",
                "typeTags": "",
                "ignoreDefaults": false,
                "lineWidth": "auto",
                "html": "Means",
                "knobSize": "auto"
              },
              {
                "type": "fader",
                "top": 10,
                "left": 90,
                "id": "ari",
                "linkId": "",
                "width": 40,
                "height": 390,
                "css": "",
                "horizontal": false,
                "pips": false,
                "dashed": false,
                "snap": false,
                "spring": false,
                "doubleTap": false,
                "range": {
                  "min": 0,
                  "max": 1
                },
                "logScale": false,
                "sensitivity": 1,
                "steps": "",
                "origin": "auto",
                "default": "",
                "value": "",
                "address": "/io/means/ari",
                "preArgs": "",
                "target": "",
                "bypass": false,
                "decimals": 2,
                "colorWidget": "green",
                "design": "round",
                "visible": true,
                "interaction": true,
                "expand": "false",
                "colorText": "auto",
                "colorStroke": "auto",
                "colorFill": "auto",
                "alphaStroke": "auto",
                "alphaFillOff": "auto",
                "alphaFillOn": "auto",
                "padding": "auto",
                "gradient": [],
                "script": "",
                "typeTags": "",
                "ignoreDefaults": false,
                "lineWidth": "auto",
                "html": "Ari",
                "knobSize": "auto"
              },
              {
                "type": "fader",
                "top": 10,
                "left": 140,
                "id": "geo",
                "linkId": "",
                "width": 40,
                "height": 390,
                "css": "",
                "horizontal": false,
                "pips": false,
                "dashed": false,
                "snap": false,
                "spring": false,
                "doubleTap": false,
                "range": {
                  "min": 0,
                  "max": 1
                },
                "logScale": false,
                "sensitivity": 1,
                "steps": "",
                "origin": "auto",
                "default": "",
                "value": "",
                "address": "/io/means/geo",
                "preArgs": "",
                "target": "",
                "bypass": false,
                "decimals": 2,
                "colorWidget": "green",
                "design": "round",
                "visible": true,
                "interaction": true,
                "expand": "false",
                "colorText": "auto",
                "colorStroke": "auto",
                "colorFill": "auto",
                "alphaStroke": "auto",
                "alphaFillOff": "auto",
                "alphaFillOn": "auto",
                "padding": "auto",
                "gradient": [],
                "script": "",
                "typeTags": "",
                "ignoreDefaults": false,
                "lineWidth": "auto",
                "html": "Geo",
                "knobSize": "auto"
              },
              {
                "type": "fader",
                "top": 10,
                "left": 190,
                "id": "har",
                "linkId": "",
                "width": 40,
                "height": 390,
                "css": "",
                "horizontal": false,
                "pips": false,
                "dashed": false,
                "snap": false,
                "spring": false,
                "doubleTap": false,
                "range": {
                  "min": 0,
                  "max": 1
                },
                "logScale": false,
                "sensitivity": 1,
                "steps": "",
                "origin": "auto",
                "default": "",
                "value": "",
                "address": "/io/means/har",
                "preArgs": "",
                "target": "",
                "bypass": false,
                "decimals": 2,
                "colorWidget": "green",
                "design": "round",
                "visible": true,
                "interaction": true,
                "expand": "false",
                "colorText": "auto",
                "colorStroke": "auto",
                "colorFill": "auto",
                "alphaStroke": "auto",
                "alphaFillOff": "auto",
                "alphaFillOn": "auto",
                "padding": "auto",
                "gradient": [],
                "script": "",
                "typeTags": "",
                "ignoreDefaults": false,
                "lineWidth": "auto",
                "html": "Har",
                "knobSize": "auto"
              },
              {
                "type": "fader",
                "top": 10,
                "left": 240,
                "id": "phi",
                "linkId": "",
                "width": 40,
                "height": 390,
                "css": "",
                "horizontal": false,
                "pips": false,
                "dashed": false,
                "snap": false,
                "spring": false,
                "doubleTap": false,
                "range": {
                  "min": 0,
                  "max": 1
                },
                "logScale": false,
                "sensitivity": 1,
                "steps": "",
                "origin": "auto",
                "default": "",
                "value": "",
                "address": "/io/means/phi",
                "preArgs": "",
                "target": "",
                "bypass": false,
                "decimals": 2,
                "colorWidget": "green",
                "design": "round",
                "visible": true,
                "interaction": true,
                "expand": "false",
                "colorText": "auto",
                "colorStroke": "auto",
                "colorFill": "auto",
                "alphaStroke": "auto",
                "alphaFillOff": "auto",
                "alphaFillOn": "auto",
                "padding": "auto",
                "gradient": [],
                "script": "",
                "typeTags": "",
                "ignoreDefaults": false,
                "lineWidth": "auto",
                "html": "Phi",
                "knobSize": "auto"
              },
              {
                "type": "text",
                "top": 410,
                "left": 90,
                "id": "text_3",
                "visible": true,
                "width": 100,
                "height": 30,
                "expand": "false",
                "colorText": "auto",
                "colorWidget": "auto",
                "colorStroke": "auto",
                "colorFill": "auto",
                "alphaStroke": "auto",
                "alphaFillOff": "auto",
                "alphaFillOn": "auto",
                "lineWidth": "auto",
                "padding": "auto",
                "html": "&#9495;&#9473;MEANS&#9473;&#9499;",
                "css": "",
                "vertical": false,
                "wrap": false,
                "align": "center",
                "value": "",
                "default": "",
                "linkId": "",
                "script": "",
                "address": "auto",
                "preArgs": "",
                "decimals": 2,
                "target": ""
              }
            ],
            "tabs": [],
            "decimals": 2,
            "innerPadding": false,
            "padding": 0,
            "alphaStroke": 0,
            "visible": true,
            "interaction": true,
            "expand": "false",
            "colorBg": "auto",
            "colorText": "auto",
            "colorWidget": "auto",
            "colorStroke": "auto",
            "colorFill": "auto",
            "alphaFillOff": "auto",
            "alphaFillOn": "auto",
            "traversing": false,
            "layout": "default",
            "justify": "start",
            "gridTemplate": "",
            "verticalTabs": false,
            "script": "",
            "typeTags": "",
            "ignoreDefaults": false,
            "lineWidth": "auto",
            "html": "",
            "contain": true
          },
          {
            "type": "knob",
            "top": 510,
            "left": 40,
            "id": "detune",
            "linkId": "",
            "width": 150,
            "height": 120,
            "css": "",
            "pips": false,
            "dashed": false,
            "angle": 270,
            "spring": false,
            "doubleTap": false,
            "range": {
              "min": 0,
              "max": 1
            },
            "logScale": false,
            "sensitivity": 1,
            "steps": "",
            "origin": "auto",
            "default": 0,
            "value": "",
            "address": "/io/detune",
            "preArgs": "",
            "target": "",
            "bypass": false,
            "decimals": 3,
            "colorWidget": "orange",
            "visible": true,
            "interaction": true,
            "expand": "false",
            "colorText": "auto",
            "colorStroke": "auto",
            "colorFill": "auto",
            "alphaStroke": "auto",
            "alphaFillOff": "auto",
            "alphaFillOn": "auto",
            "padding": "auto",
            "mode": "vertical",
            "script": "",
            "typeTags": "",
            "ignoreDefaults": false,
            "lineWidth": "auto",
            "html": "DETUNE",
            "design": "default"
          },
          {
            "type": "button",
            "top": 530,
            "left": 200,
            "id": "BLEND",
            "linkId": "",
            "width": 70,
            "height": 70,
            "label": "auto",
            "css": "",
            "doubleTap": false,
            "on": 1,
            "off": 0,
            "default": 0,
            "value": "",
            "address": "/io/blend",
            "preArgs": "",
            "target": "",
            "bypass": false,
            "decimals": 2,
            "colorWidget": "red",
            "mode": "toggle",
            "visible": true,
            "interaction": true,
            "expand": "false",
            "colorText": "auto",
            "colorStroke": "auto",
            "colorFill": "auto",
            "alphaStroke": "auto",
            "alphaFillOff": "auto",
            "alphaFillOn": "auto",
            "padding": "auto",
            "colorTextOn": "auto",
            "script": "",
            "typeTags": "",
            "ignoreDefaults": false,
            "lineWidth": "auto",
            "html": "",
            "vertical": false,
            "wrap": false
          },
          {
            "type": "switch",
            "top": 470,
            "left": 460,
            "id": "timbre",
            "linkId": "",
            "width": 220,
            "height": 90,
            "css": "",
            "values": {
              "Sine": 1,
              "Fib": 2,
              "Prime": 3,
              "Asymp": 4
            },
            "default": 1,
            "value": "",
            "address": "/io/generated_waveform",
            "preArgs": "",
            "target": "",
            "bypass": false,
            "decimals": 2,
            "visible": true,
            "interaction": true,
            "expand": "false",
            "colorText": "auto",
            "colorWidget": "auto",
            "colorStroke": "auto",
            "colorFill": "auto",
            "alphaStroke": "auto",
            "alphaFillOff": "auto",
            "alphaFillOn": "auto",
            "padding": "auto",
            "layout": "vertical",
            "gridTemplate": "",
            "mode": "tap",
            "colorTextOn": "auto",
            "script": "",
            "typeTags": "",
            "ignoreDefaults": false,
            "lineWidth": "auto",
            "html": ""
          },
          {
            "type": "switch",
            "top": 580,
            "left": 460,
            "id": "Reduction",
            "linkId": "",
            "width": 220,
            "height": 80,
            "css": "",
            "values": {
              "None": 1,
              "Fixed": 2,
              "Lower": 3,
              "Upper": 4
            },
            "default": 2,
            "value": "",
            "address": "/io/reduction_type",
            "preArgs": "",
            "target": "",
            "bypass": false,
            "decimals": 2,
            "visible": true,
            "interaction": true,
            "expand": "false",
            "colorText": "auto",
            "colorWidget": "auto",
            "colorStroke": "auto",
            "colorFill": "auto",
            "alphaStroke": "auto",
            "alphaFillOff": "auto",
            "alphaFillOn": "auto",
            "padding": "auto",
            "layout": "vertical",
            "gridTemplate": "",
            "mode": "tap",
            "colorTextOn": "auto",
            "script": "",
            "typeTags": "",
            "ignoreDefaults": false,
            "lineWidth": "auto",
            "html": ""
          },
          {
            "type": "dropdown",
            "top": 600,
            "left": 730,
            "id": "scanned_preset",
            "linkId": "",
            "width": 60,
            "height": 60,
            "css": "",
            "values": [
              1,
              2,
              3,
              4,
              5,
              6,
              7,
              8,
              9,
              10,
              11,
              12,
              13,
              14,
              15,
              16,
              17,
              18,
              19,
              20,
              21,
              22,
              23,
              24,
              25,
              26,
              27,
              28,
              29,
              30
            ],
            "default": 27,
            "value": "",
            "address": "/io/preset",
            "preArgs": "",
            "target": "",
            "bypass": false,
            "decimals": 2,
            "visible": true,
            "interaction": true,
            "expand": "false",
            "colorText": "auto",
            "colorWidget": "auto",
            "colorStroke": "auto",
            "colorFill": "auto",
            "alphaStroke": "auto",
            "alphaFillOff": "auto",
            "alphaFillOn": "auto",
            "padding": "auto",
            "script": "",
            "typeTags": "",
            "ignoreDefaults": false,
            "lineWidth": "auto",
            "html": "",
            "label": "auto",
            "icon": "true",
            "align": "center"
          },
          {
            "type": "switch",
            "top": 470,
            "left": 730,
            "id": "tuning",
            "linkId": "",
            "width": 200,
            "height": 110,
            "css": "",
            "values": {
              "Centaur": 1,
              "Double Hexany": 2,
              "Bohlen A12": 3,
              "Bohlen Harmonic": 4,
              "Meta Slendro": 5,
              "WTP": 6,
              "Revelation": 7
            },
            "default": 1,
            "value": "",
            "address": "/io/tuning",
            "preArgs": "",
            "target": "",
            "bypass": false,
            "decimals": 2,
            "visible": true,
            "interaction": true,
            "expand": "false",
            "colorText": "auto",
            "colorWidget": "auto",
            "colorStroke": "auto",
            "colorFill": "auto",
            "alphaStroke": "auto",
            "alphaFillOff": "auto",
            "alphaFillOn": "auto",
            "padding": "auto",
            "script": "",
            "typeTags": "",
            "ignoreDefaults": false,
            "lineWidth": "auto",
            "html": "",
            "colorTextOn": "auto",
            "layout": "vertical",
            "gridTemplate": "",
            "mode": "tap"
          },
          {
            "type": "panel",
            "widgets": [
              {
                "type": "text",
                "top": 20,
                "left": 20,
                "id": "Dyad 1",
                "linkId": "",
                "width": 180,
                "height": 60,
                "css": "text-transform: none;",
                "default": "--",
                "value": "",
                "address": "/io/first",
                "preArgs": "",
                "vertical": false,
                "wrap": false,
                "align": "",
                "colorWidget": "red",
                "visible": true,
                "expand": "false",
                "colorText": "auto",
                "colorStroke": "auto",
                "colorFill": "auto",
                "alphaStroke": "auto",
                "alphaFillOff": "auto",
                "alphaFillOn": "auto",
                "padding": "auto",
                "script": "",
                "target": "",
                "lineWidth": "auto",
                "html": "",
                "decimals": 2
              },
              {
                "type": "text",
                "top": 100,
                "left": 20,
                "id": "Dyad 2",
                "linkId": "",
                "width": 180,
                "height": 60,
                "css": "text-transform: none;",
                "vertical": false,
                "wrap": false,
                "align": "",
                "default": "--",
                "value": "",
                "address": "/io/second",
                "preArgs": "",
                "colorWidget": "red",
                "visible": true,
                "expand": "false",
                "colorText": "auto",
                "colorStroke": "auto",
                "colorFill": "auto",
                "alphaStroke": "auto",
                "alphaFillOff": "auto",
                "alphaFillOn": "auto",
                "padding": "auto",
                "script": "",
                "target": "",
                "lineWidth": "auto",
                "html": "",
                "decimals": 2
              },
              {
                "type": "led",
                "top": 80,
                "left": 220,
                "id": "Derived",
                "linkId": "",
                "width": 30,
                "height": 30,
                "css": "text-transform: none;",
                "range": {
                  "min": 0,
                  "max": 1
                },
                "logScale": false,
                "default": 0,
                "value": "",
                "address": "/io/derived",
                "preArgs": "",
                "colorWidget": "red",
                "visible": true,
                "expand": "false",
                "colorText": "auto",
                "colorStroke": "auto",
                "colorFill": "auto",
                "alphaStroke": "auto",
                "alphaFillOff": "auto",
                "alphaFillOn": "auto",
                "padding": "auto",
                "mode": "intensity",
                "alphaRange": {
                  "min": 0,
                  "max": 1
                },
                "borderRadius": "",
                "script": "",
                "target": "",
                "lineWidth": "auto",
                "html": ""
              }
            ],
            "top": 490,
            "left": 940,
            "id": "monitor",
            "linkId": "",
            "width": 270,
            "height": 180,
            "css": "",
            "scroll": false,
            "default": "",
            "value": "",
            "address": "/panel_1",
            "preArgs": "",
            "target": "",
            "bypass": false,
            "variables": "@{parent.variables}",
            "tabs": [],
            "decimals": 2,
            "innerPadding": false,
            "padding": 0,
            "alphaStroke": 0,
            "visible": true,
            "interaction": true,
            "expand": "false",
            "colorBg": "auto",
            "colorText": "auto",
            "colorWidget": "auto",
            "colorStroke": "auto",
            "colorFill": "auto",
            "alphaFillOff": "auto",
            "alphaFillOn": "auto",
            "traversing": false,
            "layout": "default",
            "justify": "start",
            "gridTemplate": "",
            "verticalTabs": false,
            "script": "",
            "typeTags": "",
            "ignoreDefaults": false,
            "lineWidth": "auto",
            "html": "",
            "contain": true
          },
          {
            "type": "panel",
            "top": 20,
            "left": 1140,
            "id": "reverb 2",
            "linkId": "",
            "width": 110,
            "height": 320,
            "css": "",
            "scroll": true,
            "default": "",
            "value": "",
            "address": "/panel_1",
            "preArgs": "",
            "target": "",
            "bypass": true,
            "variables": "@{parent.variables}",
            "widgets": [
              {
                "type": "knob",
                "top": 10,
                "left": 10,
                "id": "fb2",
                "linkId": "",
                "width": 90,
                "height": 130,
                "css": "",
                "pips": false,
                "dashed": false,
                "spring": false,
                "doubleTap": false,
                "range": {
                  "min": 0,
                  "max": 1
                },
                "logScale": false,
                "sensitivity": 1,
                "steps": "",
                "origin": "auto",
                "default": 0.7,
                "value": "",
                "address": "/io/reverb/2/fb",
                "preArgs": "",
                "target": "",
                "bypass": false,
                "angle": 270,
                "decimals": 2,
                "visible": true,
                "interaction": true,
                "expand": "false",
                "colorText": "auto",
                "colorWidget": "auto",
                "colorStroke": "auto",
                "colorFill": "auto",
                "alphaStroke": "auto",
                "alphaFillOff": "auto",
                "alphaFillOn": "auto",
                "padding": "auto",
                "mode": "vertical",
                "script": "",
                "typeTags": "",
                "ignoreDefaults": false,
                "lineWidth": "auto",
                "html": "Feedback",
                "design": "default"
              },
              {
                "type": "knob",
                "top": 150,
                "left": 10,
                "id": "wet2",
                "linkId": "",
                "width": 90,
                "height": 130,
                "css": "",
                "pips": false,
                "dashed": false,
                "spring": false,
                "doubleTap": false,
                "range": {
                  "min": 0,
                  "max": 1
                },
                "logScale": false,
                "sensitivity": 1,
                "steps": "",
                "origin": "auto",
                "default": 0.5,
                "value": "",
                "address": "/io/reverb/2/wet",
                "preArgs": "",
                "target": "",
                "bypass": false,
                "angle": 270,
                "decimals": 2,
                "visible": true,
                "interaction": true,
                "expand": "false",
                "colorText": "auto",
                "colorWidget": "auto",
                "colorStroke": "auto",
                "colorFill": "auto",
                "alphaStroke": "auto",
                "alphaFillOff": "auto",
                "alphaFillOn": "auto",
                "padding": "auto",
                "mode": "vertical",
                "script": "",
                "typeTags": "",
                "ignoreDefaults": false,
                "lineWidth": "auto",
                "html": "Wet",
                "design": "default"
              }
            ],
            "tabs": [],
            "decimals": 2,
            "colorWidget": "orange",
            "innerPadding": false,
            "padding": 0,
            "alphaStroke": 0,
            "visible": true,
            "interaction": true,
            "expand": "false",
            "colorBg": "auto",
            "colorText": "auto",
            "colorStroke": "auto",
            "colorFill": "auto",
            "alphaFillOff": "auto",
            "alphaFillOn": "auto",
            "traversing": false,
            "layout": "default",
            "justify": "start",
            "gridTemplate": "",
            "verticalTabs": false,
            "script": "",
            "typeTags": "",
            "ignoreDefaults": false,
            "lineWidth": "auto",
            "html": "REVERB 2",
            "contain": true
          },
          {
            "type": "panel",
            "top": 20,
            "left": 1020,
            "id": "reverb 1",
            "linkId": "",
            "width": 110,
            "height": 320,
            "css": "",
            "scroll": true,
            "default": "",
            "value": "",
            "address": "/panel_3",
            "preArgs": "",
            "target": "",
            "bypass": true,
            "variables": "@{parent.variables}",
            "widgets": [
              {
                "type": "knob",
                "top": 10,
                "left": 10,
                "id": "fb1",
                "linkId": "",
                "width": 90,
                "height": 130,
                "css": "",
                "pips": false,
                "dashed": false,
                "spring": false,
                "doubleTap": false,
                "range": {
                  "min": 0,
                  "max": 1
                },
                "logScale": false,
                "sensitivity": 1,
                "steps": "",
                "origin": "auto",
                "default": 0.7,
                "value": "",
                "address": "/io/reverb/1/fb",
                "preArgs": "",
                "target": "",
                "bypass": false,
                "angle": 270,
                "decimals": 2,
                "visible": true,
                "interaction": true,
                "expand": "false",
                "colorText": "auto",
                "colorWidget": "auto",
                "colorStroke": "auto",
                "colorFill": "auto",
                "alphaStroke": "auto",
                "alphaFillOff": "auto",
                "alphaFillOn": "auto",
                "padding": "auto",
                "mode": "vertical",
                "script": "",
                "typeTags": "",
                "ignoreDefaults": false,
                "lineWidth": "auto",
                "html": "Feedback",
                "design": "default"
              },
              {
                "type": "knob",
                "top": 150,
                "left": 10,
                "id": "wet1",
                "linkId": "",
                "width": 90,
                "height": 130,
                "css": "",
                "pips": false,
                "dashed": false,
                "spring": false,
                "doubleTap": false,
                "range": {
                  "min": 0,
                  "max": 1
                },
                "logScale": false,
                "sensitivity": 1,
                "steps": "",
                "origin": "auto",
                "default": 0.5,
                "value": "",
                "address": "/io/reverb/1/wet",
                "preArgs": "",
                "target": "",
                "bypass": false,
                "angle": 270,
                "decimals": 2,
                "visible": true,
                "interaction": true,
                "expand": "false",
                "colorText": "auto",
                "colorWidget": "auto",
                "colorStroke": "auto",
                "colorFill": "auto",
                "alphaStroke": "auto",
                "alphaFillOff": "auto",
                "alphaFillOn": "auto",
                "padding": "auto",
                "mode": "vertical",
                "script": "",
                "typeTags": "",
                "ignoreDefaults": false,
                "lineWidth": "auto",
                "html": "Wet",
                "design": "default"
              }
            ],
            "tabs": [],
            "decimals": 2,
            "colorWidget": "orange",
            "innerPadding": false,
            "padding": 0,
            "alphaStroke": 0,
            "visible": true,
            "interaction": true,
            "expand": "false",
            "colorBg": "auto",
            "colorText": "auto",
            "colorStroke": "auto",
            "colorFill": "auto",
            "alphaFillOff": "auto",
            "alphaFillOn": "auto",
            "traversing": false,
            "layout": "default",
            "justify": "start",
            "gridTemplate": "",
            "verticalTabs": false,
            "script": "",
            "typeTags": "",
            "ignoreDefaults": false,
            "lineWidth": "auto",
            "html": "REVERB 1",
            "contain": true
          },
          {
            "type": "text",
            "top": 470,
            "left": 430,
            "id": "text_4",
            "visible": true,
            "width": 30,
            "height": 90,
            "expand": "false",
            "colorText": "auto",
            "colorWidget": "auto",
            "colorStroke": "auto",
            "colorFill": "auto",
            "alphaStroke": "auto",
            "alphaFillOff": "auto",
            "alphaFillOn": "auto",
            "lineWidth": "auto",
            "padding": "auto",
            "html": "",
            "css": "",
            "vertical": true,
            "wrap": false,
            "align": "center",
            "value": "OSC TIMBRE",
            "default": "",
            "linkId": "",
            "script": "",
            "address": "auto",
            "preArgs": "",
            "decimals": 2,
            "target": ""
          },
          {
            "type": "text",
            "top": 580,
            "left": 430,
            "id": "text_5",
            "visible": true,
            "width": 30,
            "height": 80,
            "expand": "false",
            "colorText": "auto",
            "colorWidget": "auto",
            "colorStroke": "auto",
            "colorFill": "auto",
            "alphaStroke": "auto",
            "alphaFillOff": "auto",
            "alphaFillOn": "auto",
            "lineWidth": "auto",
            "padding": "auto",
            "html": "",
            "css": "",
            "vertical": true,
            "wrap": false,
            "align": "center",
            "value": "REDUCE",
            "default": "",
            "linkId": "",
            "script": "",
            "address": "auto",
            "preArgs": "",
            "decimals": 2,
            "target": ""
          },
          {
            "type": "text",
            "top": 470,
            "left": 700,
            "id": "text_6",
            "visible": true,
            "width": 30,
            "height": 110,
            "expand": "false",
            "colorText": "auto",
            "colorWidget": "auto",
            "colorStroke": "auto",
            "colorFill": "auto",
            "alphaStroke": "auto",
            "alphaFillOff": "auto",
            "alphaFillOn": "auto",
            "lineWidth": "auto",
            "padding": "auto",
            "html": "",
            "css": "",
            "vertical": true,
            "wrap": false,
            "align": "center",
            "value": "TUNING",
            "default": "",
            "linkId": "",
            "script": "",
            "address": "auto",
            "preArgs": "",
            "decimals": 2,
            "target": ""
          },
          {
            "type": "text",
            "top": 600,
            "left": 700,
            "id": "text_7",
            "visible": true,
            "width": 30,
            "height": 60,
            "expand": "false",
            "colorText": "auto",
            "colorWidget": "auto",
            "colorStroke": "auto",
            "colorFill": "auto",
            "alphaStroke": "auto",
            "alphaFillOff": "auto",
            "alphaFillOn": "auto",
            "lineWidth": "auto",
            "padding": "auto",
            "html": "",
            "css": "",
            "vertical": true,
            "wrap": false,
            "align": "center",
            "value": "SCANS",
            "default": "",
            "linkId": "",
            "script": "",
            "address": "auto",
            "preArgs": "",
            "decimals": 2,
            "target": ""
          },
          {
            "type": "panel",
            "top": 350,
            "left": 920,
            "id": "panel_1",
            "visible": true,
            "interaction": true,
            "width": 310,
            "height": 110,
            "expand": "false",
            "colorText": "auto",
            "colorWidget": "auto",
            "colorStroke": "auto",
            "colorFill": "auto",
            "alphaStroke": 0,
            "alphaFillOff": "auto",
            "alphaFillOn": "auto",
            "lineWidth": "auto",
            "padding": "auto",
            "html": "",
            "css": "",
            "layout": "default",
            "gridTemplate": "",
            "value": "",
            "default": "",
            "linkId": "",
            "script": "",
            "address": "auto",
            "preArgs": "",
            "typeTags": "",
            "decimals": 2,
            "target": "",
            "ignoreDefaults": false,
            "bypass": false,
            "colorBg": "auto",
            "justify": "start",
            "contain": true,
            "scroll": true,
            "innerPadding": true,
            "verticalTabs": false,
            "variables": "@{parent.variables}",
            "traversing": false,
            "widgets": [
              {
                "type": "fader",
                "top": 0,
                "left": 60,
                "id": "mode_q",
                "visible": true,
                "interaction": true,
                "width": 230,
                "height": 50,
                "expand": "false",
                "colorText": "auto",
                "colorWidget": "auto",
                "colorStroke": "auto",
                "colorFill": "auto",
                "alphaStroke": "auto",
                "alphaFillOff": "auto",
                "alphaFillOn": "auto",
                "lineWidth": "auto",
                "padding": "auto",
                "html": "",
                "css": "",
                "design": "round",
                "knobSize": "auto",
                "horizontal": true,
                "pips": false,
                "dashed": false,
                "gradient": [],
                "snap": false,
                "spring": false,
                "doubleTap": false,
                "range": {
                  "min": 0,
                  "max": 2000
                },
                "logScale": false,
                "sensitivity": 1,
                "steps": "",
                "origin": "auto",
                "value": "",
                "default": "",
                "linkId": "",
                "script": "",
                "address": "/io/mode/q",
                "preArgs": "",
                "typeTags": "",
                "decimals": 2,
                "target": "",
                "ignoreDefaults": false,
                "bypass": false
              },
              {
                "type": "fader",
                "top": 50,
                "left": 60,
                "id": "streson_fbgain",
                "visible": true,
                "interaction": true,
                "width": 230,
                "height": 50,
                "expand": "false",
                "colorText": "auto",
                "colorWidget": "auto",
                "colorStroke": "auto",
                "colorFill": "auto",
                "alphaStroke": "auto",
                "alphaFillOff": "auto",
                "alphaFillOn": "auto",
                "lineWidth": "auto",
                "padding": "auto",
                "html": "",
                "css": "",
                "design": "round",
                "knobSize": "auto",
                "horizontal": true,
                "pips": false,
                "dashed": false,
                "gradient": [],
                "snap": false,
                "spring": false,
                "doubleTap": false,
                "range": {
                  "min": -1,
                  "max": 1
                },
                "logScale": false,
                "sensitivity": 1,
                "steps": "",
                "origin": "auto",
                "value": "",
                "default": "",
                "linkId": "",
                "script": "",
                "address": "/io/streson/fbgain",
                "preArgs": "",
                "typeTags": "",
                "decimals": 2,
                "target": "",
                "ignoreDefaults": false,
                "bypass": false
              },
              {
                "type": "text",
                "top": 0,
                "left": 0,
                "id": "text_8",
                "visible": true,
                "width": 60,
                "height": 50,
                "expand": "false",
                "colorText": "auto",
                "colorWidget": "auto",
                "colorStroke": "auto",
                "colorFill": "auto",
                "alphaStroke": "auto",
                "alphaFillOff": "auto",
                "alphaFillOn": "auto",
                "lineWidth": "auto",
                "padding": "auto",
                "html": "",
                "css": "",
                "vertical": false,
                "wrap": false,
                "align": "center",
                "value": "Mode Q",
                "default": "",
                "linkId": "",
                "script": "",
                "address": "auto",
                "preArgs": "",
                "decimals": 2,
                "target": ""
              },
              {
                "type": "text",
                "top": 50,
                "left": 0,
                "id": "text_9",
                "visible": true,
                "width": 60,
                "height": 50,
                "expand": "false",
                "colorText": "auto",
                "colorWidget": "auto",
                "colorStroke": "auto",
                "colorFill": "auto",
                "alphaStroke": "auto",
                "alphaFillOff": "auto",
                "alphaFillOn": "auto",
                "lineWidth": "auto",
                "padding": "auto",
                "html": "",
                "css": "",
                "vertical": false,
                "wrap": false,
                "align": "center",
                "value": "Str FB",
                "default": "",
                "linkId": "",
                "script": "",
                "address": "auto",
                "preArgs": "",
                "decimals": 2,
                "target": ""
              }
            ],
            "tabs": []
          },
          {
            "type": "switch",
            "top": 520,
            "left": 330,
            "id": "switch_1",
            "visible": true,
            "width": 70,
            "height": 90,
            "expand": "false",
            "colorText": "auto",
            "colorWidget": "auto",
            "colorStroke": "auto",
            "colorFill": "auto",
            "alphaStroke": "auto",
            "alphaFillOff": "auto",
            "alphaFillOn": "auto",
            "lineWidth": "auto",
            "padding": "auto",
            "html": "",
            "css": "",
            "value": 0,
            "default": "",
            "linkId": "",
            "script": "",
            "address": "/io/generated_method",
            "preArgs": "",
            "decimals": 0,
            "target": "",
            "interaction": true,
            "layout": "vertical",
            "gridTemplate": "",
            "typeTags": "",
            "ignoreDefaults": false,
            "bypass": false,
            "colorTextOn": "auto",
            "values": {
              "Osc": 0,
              "Mode": 1,
              "Str": 2
            },
            "mode": "tap"
          },
          {
            "type": "text",
            "top": 520,
            "left": 310,
            "id": "text_10",
            "visible": true,
            "width": 20,
            "height": 90,
            "expand": "false",
            "colorText": "auto",
            "colorWidget": "auto",
            "colorStroke": "auto",
            "colorFill": "auto",
            "alphaStroke": "auto",
            "alphaFillOff": "auto",
            "alphaFillOn": "auto",
            "lineWidth": "auto",
            "padding": "auto",
            "html": "",
            "css": "",
            "vertical": true,
            "wrap": false,
            "align": "center",
            "value": "METHOD",
            "default": "",
            "linkId": "",
            "script": "",
            "address": "auto",
            "preArgs": "",
            "decimals": 2,
            "target": ""
          }
        ],
        "tabs": [],
        "scroll": true,
        "decimals": 2,
        "innerPadding": false,
        "padding": 0,
        "visible": true,
        "interaction": true,
        "colorBg": "auto",
        "colorText": "auto",
        "colorWidget": "auto",
        "colorFill": "auto",
        "traversing": false,
        "layout": "default",
        "justify": "start",
        "gridTemplate": "",
        "verticalTabs": false,
        "script": "",
        "typeTags": "",
        "ignoreDefaults": false,
        "html": "",
        "contain": true
      }
    ],
    "scroll": true,
    "decimals": 2,
    "interaction": true,
    "colorBg": "auto",
    "colorText": "auto",
    "colorWidget": "auto",
    "alphaFillOn": "auto",
    "padding": "auto",
    "layout": "default",
    "justify": "start",
    "gridTemplate": "",
    "innerPadding": true,
    "verticalTabs": false,
    "script": "",
    "typeTags": "",
    "ignoreDefaults": false,
    "widgets": [],
    "visible": true,
    "width": "auto",
    "height": "auto",
    "html": "",
    "contain": true
  },
  "version": "1.8.1",
  "type": "Open Stage Control session"
}