{
  "createdWith": "Open Stage Control",
  "version": "1.24.0",
  "type": "session",
  "content": {
    "type": "root",
    "lock": false,
    "id": "root",
    "visible": true,
    "interaction": true,
    "comments": "",
    "width": "auto",
    "height": "auto",
    "colorText": "auto",
    "colorWidget": "auto",
    "alphaFillOn": "auto",
    "borderRadius": "auto",
    "padding": "auto",
    "html": "",
    "css": "",
    "colorBg": "auto",
    "layout": "default",
    "justify": "start",
    "gridTemplate": "",
    "contain": true,
    "scroll": true,
    "innerPadding": true,
    "tabsPosition": "top",
    "hideMenu": false,
    "variables": "@{parent.variables}",
    "traversing": false,
    "value": "",
    "default": "",
    "linkId": "",
    "address": "auto",
    "preArgs": "",
    "typeTags": "",
    "decimals": 2,
    "target": "",
    "ignoreDefaults": false,
    "bypass": false,
    "onCreate": "",
    "onValue": "",
    "widgets": [],
    "tabs": [
      {
        "type": "tab",
        "lock": false,
        "id": "tab_10_harp",
        "visible": true,
        "interaction": true,
        "comments": "",
        "colorText": "auto",
        "colorWidget": "auto",
        "colorFill": "auto",
        "borderRadius": 0,
        "padding": 0,
        "html": "",
        "css": "",
        "colorBg": "auto",
        "layout": "default",
        "justify": "start",
        "gridTemplate": "",
        "contain": true,
        "scroll": true,
        "innerPadding": true,
        "label": "auto",
        "variables": "@{parent.variables}",
        "traversing": false,
        "value": "",
        "default": "",
        "linkId": "",
        "address": "auto",
        "preArgs": "",
        "typeTags": "",
        "decimals": 2,
        "target": "",
        "ignoreDefaults": false,
        "bypass": false,
        "onCreate": "",
        "onValue": "",
        "widgets": [
          {
            "type": "variable",
            "lock": false,
            "id": "variable_harpScale",
            "comments": "",
            "value": "IMPORT{harpScale.json}",
            "default": "",
            "linkId": "",
            "address": "auto",
            "preArgs": "",
            "typeTags": "",
            "decimals": 2,
            "target": "",
            "ignoreDefaults": false,
            "bypass": false,
            "onCreate": "",
            "onValue": "var harpScale = value\nvar ScaleButtonName = {}\nfor (var i = 0; i < harpScale.scale.length; i++){\n  ScaleButtonName[harpScale.scale[i].scaleName] = i\n}\nsetVar (\"menu_2A_harp_scale\",\"harpScaleMenu\",ScaleButtonName)\nset(\"menu_2A_harp_scale\",1)"
          },
          {
            "type": "switch",
            "top": 490,
            "left": 590,
            "lock": false,
            "id": "switch_2A_harp_D",
            "visible": true,
            "interaction": true,
            "comments": "",
            "width": 80,
            "height": 80,
            "expand": "false",
            "colorText": "auto",
            "colorWidget": "auto",
            "colorStroke": "auto",
            "colorFill": "auto",
            "alphaStroke": 0.5,
            "alphaFillOff": 0.5,
            "alphaFillOn": 1,
            "lineWidth": 1,
            "padding": 1,
            "html": "",
            "css": "border-radius: 6px 0px 0px 6px",
            "colorTextOn": "auto",
            "layout": "vertical",
            "gridTemplate": "",
            "wrap": false,
            "values": {
              "Db": 1,
              "D": 2,
              "D#": 3
            },
            "mode": "tap",
            "value": "",
            "default": 2,
            "linkId": "",
            "address": "auto",
            "preArgs": "",
            "typeTags": "",
            "decimals": 2,
            "target": "",
            "ignoreDefaults": false,
            "bypass": false,
            "onCreate": "",
            "onValue": "",
            "borderRadius": 0
          },
          {
            "type": "switch",
            "top": 490,
            "left": 670,
            "lock": false,
            "id": "switch_2A_harp_C",
            "visible": true,
            "interaction": true,
            "comments": "",
            "width": 80,
            "height": 80,
            "expand": "false",
            "colorText": "auto",
            "colorWidget": "crimson",
            "colorStroke": "auto",
            "colorFill": "auto",
            "alphaStroke": 0.5,
            "alphaFillOff": 0.5,
            "alphaFillOn": 1,
            "lineWidth": 1,
            "padding": 1,
            "html": "",
            "css": "border-radius: 0px 0px 0px 0px",
            "colorTextOn": "auto",
            "layout": "vertical",
            "gridTemplate": "",
            "wrap": false,
            "values": {
              "Cb": 1,
              "C": 2,
              "C#": 3
            },
            "mode": "tap",
            "value": 3,
            "default": 2,
            "linkId": "",
            "address": "auto",
            "preArgs": "",
            "typeTags": "",
            "decimals": 2,
            "target": "",
            "ignoreDefaults": false,
            "bypass": false,
            "onCreate": "",
            "onValue": "",
            "borderRadius": 0
          },
          {
            "type": "switch",
            "top": 490,
            "left": 750,
            "lock": false,
            "id": "switch_2A_harp_B",
            "visible": true,
            "interaction": true,
            "comments": "",
            "width": 80,
            "height": 80,
            "expand": "false",
            "colorText": "auto",
            "colorWidget": "auto",
            "colorStroke": "auto",
            "colorFill": "auto",
            "alphaStroke": 0.5,
            "alphaFillOff": 0.5,
            "alphaFillOn": 1,
            "lineWidth": 1,
            "padding": 1,
            "html": "",
            "css": "border-radius: 0px 6px 6px 0px",
            "colorTextOn": "auto",
            "layout": "vertical",
            "gridTemplate": "",
            "wrap": false,
            "values": {
              "Bb": 1,
              "B": 2,
              "B#": 3
            },
            "mode": "tap",
            "value": "",
            "default": 2,
            "linkId": "",
            "address": "auto",
            "preArgs": "",
            "typeTags": "",
            "decimals": 2,
            "target": "",
            "ignoreDefaults": false,
            "bypass": false,
            "onCreate": "",
            "onValue": "",
            "borderRadius": 0
          },
          {
            "type": "switch",
            "top": 490,
            "left": 850,
            "lock": false,
            "id": "switch_2A_harp_E",
            "visible": true,
            "interaction": true,
            "comments": "",
            "width": 80,
            "height": 80,
            "expand": "false",
            "colorText": "auto",
            "colorWidget": "auto",
            "colorStroke": "auto",
            "colorFill": "auto",
            "alphaStroke": 0.5,
            "alphaFillOff": 0.5,
            "alphaFillOn": 1,
            "lineWidth": 1,
            "padding": 1,
            "html": "",
            "css": "border-radius: 6px 0px 0px 6px",
            "colorTextOn": "auto",
            "layout": "vertical",
            "gridTemplate": "",
            "wrap": false,
            "values": {
              "Eb": 1,
              "E": 2,
              "E#": 3
            },
            "mode": "tap",
            "value": "",
            "default": 2,
            "linkId": "",
            "address": "auto",
            "preArgs": "",
            "typeTags": "",
            "decimals": 2,
            "target": "",
            "ignoreDefaults": false,
            "bypass": false,
            "onCreate": "",
            "onValue": "",
            "borderRadius": 0
          },
          {
            "type": "switch",
            "top": 490,
            "left": 930,
            "lock": false,
            "id": "switch_2A_harp_F",
            "visible": true,
            "interaction": true,
            "comments": "",
            "width": 80,
            "height": 80,
            "expand": "false",
            "colorText": "auto",
            "colorWidget": "steelblue",
            "colorStroke": "auto",
            "colorFill": "auto",
            "alphaStroke": 0.5,
            "alphaFillOff": 0.5,
            "alphaFillOn": 1,
            "lineWidth": 1,
            "padding": 1,
            "html": "",
            "css": "border-radius: 0px 0px 0px 0px",
            "colorTextOn": "auto",
            "layout": "vertical",
            "gridTemplate": "",
            "wrap": false,
            "values": {
              "Fb": 1,
              "F": 2,
              "F#": 3
            },
            "mode": "tap",
            "value": "",
            "default": 2,
            "linkId": "",
            "address": "auto",
            "preArgs": "",
            "typeTags": "",
            "decimals": 2,
            "target": "",
            "ignoreDefaults": false,
            "bypass": false,
            "onCreate": "",
            "onValue": "",
            "borderRadius": 0
          },
          {
            "type": "switch",
            "top": 490,
            "left": 1010,
            "lock": false,
            "id": "switch_2A_harp_G",
            "visible": true,
            "interaction": true,
            "comments": "",
            "width": 80,
            "height": 80,
            "expand": "false",
            "colorText": "auto",
            "colorWidget": "auto",
            "colorStroke": "auto",
            "colorFill": "auto",
            "alphaStroke": 0.5,
            "alphaFillOff": 0.5,
            "alphaFillOn": 1,
            "lineWidth": 1,
            "padding": 1,
            "html": "",
            "css": "border-radius: 0px 0px 0px 0px",
            "colorTextOn": "auto",
            "layout": "vertical",
            "gridTemplate": "",
            "wrap": false,
            "values": {
              "Gb": 1,
              "G": 2,
              "G#": 3
            },
            "mode": "tap",
            "value": "",
            "default": 2,
            "linkId": "",
            "address": "auto",
            "preArgs": "",
            "typeTags": "",
            "decimals": 2,
            "target": "",
            "ignoreDefaults": false,
            "bypass": false,
            "onCreate": "",
            "onValue": "",
            "borderRadius": 0
          },
          {
            "type": "switch",
            "top": 490,
            "left": 1090,
            "lock": false,
            "id": "switch_2A_harp_A",
            "visible": true,
            "interaction": true,
            "comments": "",
            "width": 80,
            "height": 80,
            "expand": "false",
            "colorText": "auto",
            "colorWidget": "auto",
            "colorStroke": "auto",
            "colorFill": "auto",
            "alphaStroke": 0.5,
            "alphaFillOff": 0.5,
            "alphaFillOn": 1,
            "lineWidth": 1,
            "padding": 1,
            "html": "",
            "css": "border-radius: 0px 6px 6px 0px",
            "colorTextOn": "auto",
            "layout": "vertical",
            "gridTemplate": "",
            "wrap": false,
            "values": {
              "Ab": 1,
              "A": 2,
              "A#": 3
            },
            "mode": "tap",
            "value": "",
            "default": 2,
            "linkId": "",
            "address": "auto",
            "preArgs": "",
            "typeTags": "",
            "decimals": 2,
            "target": "",
            "ignoreDefaults": false,
            "bypass": false,
            "onCreate": "",
            "onValue": "",
            "borderRadius": 0
          },
          {
            "type": "menu",
            "top": 500,
            "left": 280,
            "lock": false,
            "id": "menu_2A_harp_scale_key",
            "visible": true,
            "interaction": true,
            "comments": "",
            "width": 80,
            "height": 60,
            "expand": false,
            "size": 300,
            "ignoreTabs": true,
            "colorText": "auto",
            "colorWidget": "#114477",
            "colorStroke": "#cc0000",
            "colorFill": "#336699",
            "alphaStroke": 0,
            "alphaFillOff": 0.5,
            "alphaFillOn": 1,
            "lineWidth": 0,
            "padding": 1,
            "html": "",
            "css": "",
            "label": "%key",
            "icon": false,
            "textAlign": "center",
            "menuAlignV": "center",
            "menuAlignH": "center",
            "layout": "circular",
            "gridTemplate": "",
            "toggle": true,
            "doubleTap": false,
            "values": {
              "C": 0,
              "C#|Db": 1,
              "D": 2,
              "D#|Eb": 3,
              "E": 4,
              "F": 5,
              "F#|Gb": 6,
              "G": 7,
              "G#|Ab": 8,
              "A": 9,
              "A#|Bb": 10,
              "B": 11
            },
            "weights": "",
            "value": 0,
            "default": 0,
            "linkId": "",
            "address": "auto",
            "preArgs": "",
            "typeTags": "",
            "decimals": 2,
            "target": "",
            "ignoreDefaults": false,
            "bypass": false,
            "onCreate": "",
            "onValue": "var harpScale = get('variable_harpScale')\nvar k = get(this)\nvar s = get (\"menu_2A_harp_scale\")\nset (\"switch_2A_harp_C\", harpScale.scale[s].key[k].keyC)\nset (\"switch_2A_harp_D\", harpScale.scale[s].key[k].keyD)\nset (\"switch_2A_harp_E\", harpScale.scale[s].key[k].keyE)\nset (\"switch_2A_harp_F\", harpScale.scale[s].key[k].keyF)\nset (\"switch_2A_harp_G\", harpScale.scale[s].key[k].keyG)\nset (\"switch_2A_harp_A\", harpScale.scale[s].key[k].keyA)\nset (\"switch_2A_harp_B\", harpScale.scale[s].key[k].keyB)",
            "borderRadius": 0
          },
          {
            "type": "menu",
            "top": 500,
            "left": 360,
            "lock": false,
            "id": "menu_2A_harp_scale",
            "visible": true,
            "interaction": true,
            "comments": "",
            "width": 160,
            "height": 60,
            "expand": "false",
            "size": 320,
            "ignoreTabs": true,
            "colorText": "auto",
            "colorWidget": "#114477",
            "colorStroke": "auto",
            "colorFill": "#336699",
            "alphaStroke": 0,
            "alphaFillOff": 0.5,
            "alphaFillOn": 1,
            "lineWidth": 0,
            "padding": 1,
            "html": "",
            "css": "",
            "label": "%key",
            "icon": false,
            "textAlign": "center",
            "menuAlignV": "center",
            "menuAlignH": "center",
            "layout": "grid",
            "gridTemplate": 2,
            "toggle": true,
            "doubleTap": false,
            "values": "VAR{harpScaleMenu}",
            "weights": "",
            "value": "",
            "default": 0,
            "linkId": "",
            "address": "auto",
            "preArgs": "",
            "typeTags": "",
            "decimals": 2,
            "target": "",
            "ignoreDefaults": false,
            "bypass": false,
            "onCreate": "",
            "onValue": "var harpScale = get('variable_harpScale')\nvar k = get(\"menu_2A_harp_scale_key\")\nvar s = get (this)\nset (\"switch_2A_harp_C\", harpScale.scale[s].key[k].keyC)\nset (\"switch_2A_harp_D\", harpScale.scale[s].key[k].keyD)\nset (\"switch_2A_harp_E\", harpScale.scale[s].key[k].keyE)\nset (\"switch_2A_harp_F\", harpScale.scale[s].key[k].keyF)\nset (\"switch_2A_harp_G\", harpScale.scale[s].key[k].keyG)\nset (\"switch_2A_harp_A\", harpScale.scale[s].key[k].keyA)\nset (\"switch_2A_harp_B\", harpScale.scale[s].key[k].keyB)",
            "borderRadius": 0
          },
          {
            "type": "matrix",
            "top": 50,
            "left": 20,
            "lock": false,
            "id": "matrix_2A_harp",
            "visible": true,
            "interaction": true,
            "comments": "",
            "width": 1870,
            "height": 430,
            "expand": "false",
            "colorText": "auto",
            "colorWidget": "#114477",
            "colorStroke": "auto",
            "colorFill": "auto",
            "alphaStroke": 0,
            "alphaFillOff": 0,
            "alphaFillOn": 0.75,
            "lineWidth": 0,
            "padding": 4,
            "html": "",
            "css": "",
            "colorBg": "auto",
            "layout": "horizontal",
            "justify": "start",
            "gridTemplate": "",
            "contain": true,
            "scroll": true,
            "innerPadding": true,
            "variables": "@{parent.variables}",
            "traversing": true,
            "widgetType": "button",
            "quantity": 49,
            "props": "JS{\nvar props = {}\n\nconst labels = []\nfor ( let i=0; i<=9; i++ ) {  \n  labels.push (\"C\"+i,\"\",\"\",\"F\"+i,\"\",\"\",\"\")\n}\n\nvar Csc = @{switch_2A_harp_C.value}-2\nvar Dsc = @{switch_2A_harp_D.value}-2\nvar Esc = @{switch_2A_harp_E.value}-2\nvar Fsc = @{switch_2A_harp_F.value}-2\nvar Gsc = @{switch_2A_harp_G.value}-2\nvar Asc = @{switch_2A_harp_A.value}-2\nvar Bsc = @{switch_2A_harp_B.value}-2\n\nvar scale = [0 + Csc, 2 + Dsc, 4 + Esc, 5 + Fsc, 7 + Gsc, 9 + Asc, 11 + Bsc]\nvar note = 24 + scale[$ % scale.length]\nvar octave = 12 * Math.floor($ / scale.length)\nnote = note + octave\n\nconst colors = []\nfor ( let i=0; i<=9; i++ ) {\n  colors.push (\"crimson\", \"white\", \"white\", \"steelblue\", \"white\", \"white\", \"white\")\n}\n\nprops.label = \" \"\nprops.mode = \"push\"\nprops.range = {min:0, max:127}\nprops.html = labels[$]\nprops.colorWidget = colors[$]\nprops.lineWidth = 2\n\nprops.script = `\nvar velocity\nif (value == getProp('this', 'on')) { // the actual value of the widget is still defined with the on/off properties\n  velocity = locals.touchCoords[1]  * 127\n} else {\n  velocity = 0 // velocity 0 == note off\n}\nsend('midi:OSC', '/note', 1, `+ note +`, velocity)\n`\n\nreturn props\n}",
            "value": "",
            "default": "",
            "linkId": "",
            "address": "auto",
            "preArgs": "",
            "typeTags": "",
            "decimals": 2,
            "target": "",
            "ignoreDefaults": false,
            "bypass": false,
            "onCreate": "",
            "onValue": "",
            "widgets": [],
            "tabs": [],
            "borderRadius": 0,
            "tabsPosition": "top"
          },
          {
            "type": "text",
            "top": 0,
            "left": 0,
            "id": "rahmen_2obenMitte",
            "visible": true,
            "comments": "",
            "width": 1910,
            "height": 580,
            "expand": false,
            "colorText": "auto",
            "colorWidget": "auto",
            "colorStroke": "auto",
            "colorFill": "auto",
            "alphaStroke": 1,
            "alphaFillOff": 0,
            "alphaFillOn": 0,
            "lineWidth": 1,
            "padding": 0,
            "html": "",
            "css": "",
            "value": "",
            "default": "",
            "linkId": "",
            "address": "auto",
            "preArgs": "",
            "decimals": 2,
            "target": "",
            "onCreate": "",
            "onValue": "",
            "vertical": false,
            "wrap": false,
            "align": "center",
            "lock": false,
            "borderRadius": 0
          }
        ],
        "tabs": [],
        "tabsPosition": "top"
      }
    ]
  }
}