{	"scale" : 	[		{			"key" : 			[				{					"keyA" : 2,					"keyB" : 2,					"keyC" : 2,					"keyD" : 2,					"keyE" : 2,					"keyF" : 2,					"keyG" : 2,					"keyName" : "C"				},				{					"keyA" : 1,					"keyB" : 1,					"keyC" : 2,					"keyD" : 1,					"keyE" : 1,					"keyF" : 2,					"keyG" : 1,					"keyName" : "C#|Db"				},				{					"keyA" : 2,					"keyB" : 2,					"keyC" : 3,					"keyD" : 2,					"keyE" : 2,					"keyF" : 3,					"keyG" : 2,					"keyName" : "D"				},				{					"keyA" : 1,					"keyB" : 1,					"keyC" : 2,					"keyD" : 2,					"keyE" : 1,					"keyF" : 2,					"keyG" : 2,					"keyName" : "D#|Eb"				},				{					"keyA" : 2,					"keyB" : 2,					"keyC" : 3,					"keyD" : 3,					"keyE" : 2,					"keyF" : 3,					"keyG" : 3,					"keyName" : "E"				},				{					"keyA" : 2,					"keyB" : 1,					"keyC" : 2,					"keyD" : 2,					"keyE" : 2,					"keyF" : 2,					"keyG" : 2,					"keyName" : "F"				},				{					"keyA" : 1,					"keyB" : 1,					"keyC" : 1,					"keyD" : 1,					"keyE" : 1,					"keyF" : 2,					"keyG" : 1,					"keyName" : "F#|Gb"				},				{					"keyA" : 2,					"keyB" : 2,					"keyC" : 2,					"keyD" : 2,					"keyE" : 2,					"keyF" : 3,					"keyG" : 2,					"keyName" : "G"				},				{					"keyA" : 1,					"keyB" : 1,					"keyC" : 2,					"keyD" : 1,					"keyE" : 1,					"keyF" : 2,					"keyG" : 2,					"keyName" : "G#|Ab"				},				{					"keyA" : 2,					"keyB" : 2,					"keyC" : 3,					"keyD" : 2,					"keyE" : 2,					"keyF" : 3,					"keyG" : 3,					"keyName" : "A"				},				{					"keyA" : 2,					"keyB" : 1,					"keyC" : 2,					"keyD" : 2,					"keyE" : 1,					"keyF" : 2,					"keyG" : 2,					"keyName" : "A#|Bb"				},				{					"keyA" : 2,					"keyB" : 2,					"keyC" : 3,					"keyD" : 3,					"keyE" : 2,					"keyF" : 3,					"keyG" : 3,					"keyName" : "B"				}			],			"scaleName" : "major"		},		{			"key" : 			[				{					"keyA" : 1,					"keyB" : 1,					"keyC" : 2,					"keyD" : 2,					"keyE" : 1,					"keyF" : 2,					"keyG" : 2,					"keyName" : "C"				},				{					"keyA" : 2,					"keyB" : 2,					"keyC" : 3,					"keyD" : 3,					"keyE" : 2,					"keyF" : 3,					"keyG" : 3,					"keyName" : "C#|Db"				},				{					"keyA" : 2,					"keyB" : 1,					"keyC" : 2,					"keyD" : 2,					"keyE" : 2,					"keyF" : 2,					"keyG" : 2,					"keyName" : "D"				},				{					"keyA" : 1,					"keyB" : 1,					"keyC" : 1,					"keyD" : 1,					"keyE" : 1,					"keyF" : 2,					"keyG" : 1,					"keyName" : "D#|Eb"				},				{					"keyA" : 2,					"keyB" : 2,					"keyC" : 2,					"keyD" : 2,					"keyE" : 2,					"keyF" : 3,					"keyG" : 2,					"keyName" : "E"				},				{					"keyA" : 1,					"keyB" : 1,					"keyC" : 2,					"keyD" : 1,					"keyE" : 1,					"keyF" : 2,					"keyG" : 2,					"keyName" : "F"				},				{					"keyA" : 2,					"keyB" : 2,					"keyC" : 3,					"keyD" : 2,					"keyE" : 2,					"keyF" : 3,					"keyG" : 3,					"keyName" : "F#|Gb"				},				{					"keyA" : 2,					"keyB" : 1,					"keyC" : 2,					"keyD" : 2,					"keyE" : 1,					"keyF" : 2,					"keyG" : 2,					"keyName" : "G"				},				{					"keyA" : 3,					"keyB" : 2,					"keyC" : 3,					"keyD" : 3,					"keyE" : 2,					"keyF" : 3,					"keyG" : 3,					"keyName" : "G#|Ab"				},				{					"keyA" : 2,					"keyB" : 2,					"keyC" : 2,					"keyD" : 2,					"keyE" : 2,					"keyF" : 2,					"keyG" : 2,					"keyName" : "A"				},				{					"keyA" : 1,					"keyB" : 1,					"keyC" : 2,					"keyD" : 1,					"keyE" : 1,					"keyF" : 2,					"keyG" : 1,					"keyName" : "A#|Bb"				},				{					"keyA" : 2,					"keyB" : 2,					"keyC" : 3,					"keyD" : 2,					"keyE" : 2,					"keyF" : 3,					"keyG" : 2,					"keyName" : "B"				}			],			"scaleName" : "minor"		},		{			"key" : 			[				{					"keyA" : 2,					"keyB" : 1,					"keyC" : 2,					"keyD" : 2,					"keyE" : 1,					"keyF" : 2,					"keyG" : 2,					"keyName" : "C"				},				{					"keyA" : 3,					"keyB" : 2,					"keyC" : 3,					"keyD" : 3,					"keyE" : 2,					"keyF" : 3,					"keyG" : 3,					"keyName" : "C#|Db"				},				{					"keyA" : 2,					"keyB" : 2,					"keyC" : 2,					"keyD" : 2,					"keyE" : 2,					"keyF" : 2,					"keyG" : 2,					"keyName" : "D"				},				{					"keyA" : 1,					"keyB" : 1,					"keyC" : 2,					"keyD" : 1,					"keyE" : 1,					"keyF" : 2,					"keyG" : 1,					"keyName" : "D#|Eb"				},				{					"keyA" : 2,					"keyB" : 2,					"keyC" : 3,					"keyD" : 2,					"keyE" : 2,					"keyF" : 3,					"keyG" : 2,					"keyName" : "E"				},				{					"keyA" : 1,					"keyB" : 1,					"keyC" : 2,					"keyD" : 2,					"keyE" : 1,					"keyF" : 2,					"keyG" : 2,					"keyName" : "F"				},				{					"keyA" : 2,					"keyB" : 2,					"keyC" : 3,					"keyD" : 3,					"keyE" : 2,					"keyF" : 3,					"keyG" : 3,					"keyName" : "F#|Gb"				},				{					"keyA" : 2,					"keyB" : 1,					"keyC" : 2,					"keyD" : 2,					"keyE" : 2,					"keyF" : 2,					"keyG" : 2,					"keyName" : "G"				},				{					"keyA" : 1,					"keyB" : 1,					"keyC" : 1,					"keyD" : 1,					"keyE" : 1,					"keyF" : 2,					"keyG" : 1,					"keyName" : "G#|Ab"				},				{					"keyA" : 2,					"keyB" : 2,					"keyC" : 2,					"keyD" : 2,					"keyE" : 2,					"keyF" : 3,					"keyG" : 2,					"keyName" : "A"				},				{					"keyA" : 1,					"keyB" : 1,					"keyC" : 2,					"keyD" : 1,					"keyE" : 1,					"keyF" : 2,					"keyG" : 2,					"keyName" : "A#|Bb"				},				{					"keyA" : 2,					"keyB" : 2,					"keyC" : 3,					"keyD" : 2,					"keyE" : 2,					"keyF" : 3,					"keyG" : 3,					"keyName" : "B"				}			],			"scaleName" : "dorian"		},		{			"key" : 			[				{					"keyA" : 1,					"keyB" : 1,					"keyC" : 2,					"keyD" : 1,					"keyE" : 1,					"keyF" : 2,					"keyG" : 2,					"keyName" : "C"				},				{					"keyA" : 2,					"keyB" : 2,					"keyC" : 3,					"keyD" : 2,					"keyE" : 2,					"keyF" : 3,					"keyG" : 3,					"keyName" : "C#|Db"				},				{					"keyA" : 2,					"keyB" : 1,					"keyC" : 2,					"keyD" : 2,					"keyE" : 1,					"keyF" : 2,					"keyG" : 2,					"keyName" : "D"				},				{					"keyA" : 3,					"keyB" : 2,					"keyC" : 3,					"keyD" : 3,					"keyE" : 2,					"keyF" : 3,					"keyG" : 3,					"keyName" : "D#|Eb"				},				{					"keyA" : 2,					"keyB" : 2,					"keyC" : 2,					"keyD" : 2,					"keyE" : 2,					"keyF" : 2,					"keyG" : 2,					"keyName" : "E"				},				{					"keyA" : 1,					"keyB" : 1,					"keyC" : 2,					"keyD" : 1,					"keyE" : 1,					"keyF" : 2,					"keyG" : 1,					"keyName" : "F"				},				{					"keyA" : 2,					"keyB" : 2,					"keyC" : 3,					"keyD" : 2,					"keyE" : 2,					"keyF" : 3,					"keyG" : 2,					"keyName" : "F#|Gb"				},				{					"keyA" : 1,					"keyB" : 1,					"keyC" : 2,					"keyD" : 2,					"keyE" : 1,					"keyF" : 2,					"keyG" : 2,					"keyName" : "G"				},				{					"keyA" : 2,					"keyB" : 2,					"keyC" : 3,					"keyD" : 3,					"keyE" : 2,					"keyF" : 3,					"keyG" : 3,					"keyName" : "G#|Ab"				},				{					"keyA" : 2,					"keyB" : 1,					"keyC" : 2,					"keyD" : 2,					"keyE" : 2,					"keyF" : 2,					"keyG" : 2,					"keyName" : "A"				},				{					"keyA" : 1,					"keyB" : 1,					"keyC" : 1,					"keyD" : 1,					"keyE" : 1,					"keyF" : 2,					"keyG" : 1,					"keyName" : "A#|Bb"				},				{					"keyA" : 2,					"keyB" : 2,					"keyC" : 2,					"keyD" : 2,					"keyE" : 2,					"keyF" : 3,					"keyG" : 2,					"keyName" : "B"				}			],			"scaleName" : "phrygian"		},		{			"key" : 			[				{					"keyA" : 2,					"keyB" : 2,					"keyC" : 2,					"keyD" : 2,					"keyE" : 2,					"keyF" : 3,					"keyG" : 2,					"keyName" : "C"				},				{					"keyA" : 1,					"keyB" : 1,					"keyC" : 2,					"keyD" : 1,					"keyE" : 1,					"keyF" : 2,					"keyG" : 2,					"keyName" : "C#|Db"				},				{					"keyA" : 2,					"keyB" : 2,					"keyC" : 3,					"keyD" : 2,					"keyE" : 2,					"keyF" : 3,					"keyG" : 3,					"keyName" : "D"				},				{					"keyA" : 2,					"keyB" : 1,					"keyC" : 2,					"keyD" : 2,					"keyE" : 1,					"keyF" : 2,					"keyG" : 2,					"keyName" : "D#|Eb"				},				{					"keyA" : 3,					"keyB" : 2,					"keyC" : 3,					"keyD" : 3,					"keyE" : 2,					"keyF" : 3,					"keyG" : 3,					"keyName" : "E"				},				{					"keyA" : 2,					"keyB" : 2,					"keyC" : 2,					"keyD" : 2,					"keyE" : 2,					"keyF" : 2,					"keyG" : 2,					"keyName" : "F"				},				{					"keyA" : 1,					"keyB" : 1,					"keyC" : 2,					"keyD" : 1,					"keyE" : 1,					"keyF" : 2,					"keyG" : 1,					"keyName" : "F#|Gb"				},				{					"keyA" : 2,					"keyB" : 2,					"keyC" : 3,					"keyD" : 2,					"keyE" : 2,					"keyF" : 3,					"keyG" : 2,					"keyName" : "G"				},				{					"keyA" : 1,					"keyB" : 1,					"keyC" : 2,					"keyD" : 2,					"keyE" : 1,					"keyF" : 2,					"keyG" : 2,					"keyName" : "G#|Ab"				},				{					"keyA" : 2,					"keyB" : 2,					"keyC" : 3,					"keyD" : 3,					"keyE" : 2,					"keyF" : 3,					"keyG" : 3,					"keyName" : "A"				},				{					"keyA" : 2,					"keyB" : 1,					"keyC" : 2,					"keyD" : 2,					"keyE" : 2,					"keyF" : 2,					"keyG" : 2,					"keyName" : "A#|Bb"				},				{					"keyA" : 3,					"keyB" : 2,					"keyC" : 3,					"keyD" : 3,					"keyE" : 3,					"keyF" : 3,					"keyG" : 3,					"keyName" : "B"				}			],			"scaleName" : "lydian"		},		{			"key" : 			[				{					"keyA" : 2,					"keyB" : 1,					"keyC" : 2,					"keyD" : 2,					"keyE" : 2,					"keyF" : 2,					"keyG" : 2,					"keyName" : "C"				},				{					"keyA" : 1,					"keyB" : 1,					"keyC" : 1,					"keyD" : 1,					"keyE" : 1,					"keyF" : 2,					"keyG" : 1,					"keyName" : "C#|Db"				},				{					"keyA" : 2,					"keyB" : 2,					"keyC" : 2,					"keyD" : 2,					"keyE" : 2,					"keyF" : 3,					"keyG" : 2,					"keyName" : "D"				},				{					"keyA" : 1,					"keyB" : 1,					"keyC" : 2,					"keyD" : 1,					"keyE" : 1,					"keyF" : 2,					"keyG" : 2,					"keyName" : "D#|Eb"				},				{					"keyA" : 2,					"keyB" : 2,					"keyC" : 3,					"keyD" : 2,					"keyE" : 2,					"keyF" : 3,					"keyG" : 3,					"keyName" : "E"				},				{					"keyA" : 2,					"keyB" : 1,					"keyC" : 2,					"keyD" : 2,					"keyE" : 1,					"keyF" : 2,					"keyG" : 2,					"keyName" : "F"				},				{					"keyA" : 3,					"keyB" : 3,					"keyC" : 3,					"keyD" : 3,					"keyE" : 2,					"keyF" : 3,					"keyG" : 3,					"keyName" : "F#|Gb"				},				{					"keyA" : 2,					"keyB" : 2,					"keyC" : 2,					"keyD" : 2,					"keyE" : 2,					"keyF" : 2,					"keyG" : 2,					"keyName" : "G"				},				{					"keyA" : 1,					"keyB" : 1,					"keyC" : 2,					"keyD" : 1,					"keyE" : 1,					"keyF" : 2,					"keyG" : 1,					"keyName" : "G#|Ab"				},				{					"keyA" : 2,					"keyB" : 2,					"keyC" : 3,					"keyD" : 2,					"keyE" : 2,					"keyF" : 3,					"keyG" : 2,					"keyName" : "A"				},				{					"keyA" : 1,					"keyB" : 1,					"keyC" : 2,					"keyD" : 2,					"keyE" : 1,					"keyF" : 2,					"keyG" : 2,					"keyName" : "A#|Bb"				},				{					"keyA" : 2,					"keyB" : 2,					"keyC" : 3,					"keyD" : 3,					"keyE" : 2,					"keyF" : 3,					"keyG" : 3,					"keyName" : "B"				}			],			"scaleName" : "mixolydian"		},		{			"key" : 			[				{					"keyA" : 1,					"keyB" : 1,					"keyC" : 2,					"keyD" : 1,					"keyE" : 1,					"keyF" : 2,					"keyG" : 1,					"keyName" : "C"				},				{					"keyA" : 2,					"keyB" : 2,					"keyC" : 3,					"keyD" : 2,					"keyE" : 2,					"keyF" : 3,					"keyG" : 2,					"keyName" : "C#|Db"				},				{					"keyA" : 1,					"keyB" : 1,					"keyC" : 2,					"keyD" : 2,					"keyE" : 1,					"keyF" : 2,					"keyG" : 2,					"keyName" : "D"				},				{					"keyA" : 2,					"keyB" : 2,					"keyC" : 3,					"keyD" : 3,					"keyE" : 2,					"keyF" : 3,					"keyG" : 3,					"keyName" : "D#|Eb"				},				{					"keyA" : 2,					"keyB" : 1,					"keyC" : 2,					"keyD" : 2,					"keyE" : 2,					"keyF" : 2,					"keyG" : 2,					"keyName" : "E"				},				{					"keyA" : 1,					"keyB" : 1,					"keyC" : 1,					"keyD" : 1,					"keyE" : 1,					"keyF" : 2,					"keyG" : 1,					"keyName" : "F"				},				{					"keyA" : 2,					"keyB" : 2,					"keyC" : 2,					"keyD" : 2,					"keyE" : 2,					"keyF" : 3,					"keyG" : 2,					"keyName" : "F#|Gb"				},				{					"keyA" : 1,					"keyB" : 1,					"keyC" : 2,					"keyD" : 1,					"keyE" : 1,					"keyF" : 2,					"keyG" : 2,					"keyName" : "G"				},				{					"keyA" : 2,					"keyB" : 2,					"keyC" : 3,					"keyD" : 2,					"keyE" : 2,					"keyF" : 3,					"keyG" : 3,					"keyName" : "G#|Ab"				},				{					"keyA" : 2,					"keyB" : 1,					"keyC" : 2,					"keyD" : 2,					"keyE" : 1,					"keyF" : 2,					"keyG" : 2,					"keyName" : "A"				},				{					"keyA" : 3,					"keyB" : 2,					"keyC" : 3,					"keyD" : 3,					"keyE" : 2,					"keyF" : 3,					"keyG" : 3,					"keyName" : "A#|Bb"				},				{					"keyA" : 2,					"keyB" : 2,					"keyC" : 2,					"keyD" : 2,					"keyE" : 2,					"keyF" : 2,					"keyG" : 2,					"keyName" : "B"				}			],			"scaleName" : "locrian"		},		{			"key" : 			[				{					"keyA" : 1,					"keyB" : 2,					"keyC" : 2,					"keyD" : 2,					"keyE" : 1,					"keyF" : 2,					"keyG" : 2,					"keyName" : "C"				},				{					"keyA" : 2,					"keyB" : 3,					"keyC" : 3,					"keyD" : 3,					"keyE" : 2,					"keyF" : 3,					"keyG" : 3,					"keyName" : "C#|Db"				},				{					"keyA" : 2,					"keyB" : 1,					"keyC" : 3,					"keyD" : 2,					"keyE" : 2,					"keyF" : 2,					"keyG" : 2,					"keyName" : "D"				},				{					"keyA" : 1,					"keyB" : 1,					"keyC" : 1,					"keyD" : 2,					"keyE" : 1,					"keyF" : 2,					"keyG" : 1,					"keyName" : "D#|Eb"				},				{					"keyA" : 2,					"keyB" : 2,					"keyC" : 2,					"keyD" : 3,					"keyE" : 2,					"keyF" : 3,					"keyG" : 2,					"keyName" : "E"				},				{					"keyA" : 1,					"keyB" : 1,					"keyC" : 2,					"keyD" : 1,					"keyE" : 2,					"keyF" : 2,					"keyG" : 2,					"keyName" : "F"				},				{					"keyA" : 2,					"keyB" : 2,					"keyC" : 3,					"keyD" : 2,					"keyE" : 3,					"keyF" : 3,					"keyG" : 3,					"keyName" : "F#|Gb"				},				{					"keyA" : 2,					"keyB" : 1,					"keyC" : 2,					"keyD" : 2,					"keyE" : 1,					"keyF" : 3,					"keyG" : 2,					"keyName" : "G"				},				{					"keyA" : 1,					"keyB" : 1,					"keyC" : 1,					"keyD" : 1,					"keyE" : 1,					"keyF" : 1,					"keyG" : 2,					"keyName" : "G#|Ab"				},				{					"keyA" : 2,					"keyB" : 2,					"keyC" : 2,					"keyD" : 2,					"keyE" : 2,					"keyF" : 2,					"keyG" : 3,					"keyName" : "A"				},				{					"keyA" : 2,					"keyB" : 1,					"keyC" : 2,					"keyD" : 1,					"keyE" : 1,					"keyF" : 2,					"keyG" : 1,					"keyName" : "A#|Bb"				},				{					"keyA" : 3,					"keyB" : 2,					"keyC" : 3,					"keyD" : 2,					"keyE" : 2,					"keyF" : 3,					"keyG" : 2,					"keyName" : "B"				}			],			"scaleName" : "harmonic minor"		},		{			"key" : 			[				{					"keyA" : 2,					"keyB" : 2,					"keyC" : 2,					"keyD" : 2,					"keyE" : 1,					"keyF" : 2,					"keyG" : 2,					"keyName" : "C"				},				{					"keyA" : 1,					"keyB" : 1,					"keyC" : 2,					"keyD" : 1,					"keyE" : 1,					"keyF" : 1,					"keyG" : 1,					"keyName" : "C#|Db"				},				{					"keyA" : 2,					"keyB" : 2,					"keyC" : 3,					"keyD" : 2,					"keyE" : 2,					"keyF" : 2,					"keyG" : 2,					"keyName" : "D"				},				{					"keyA" : 1,					"keyB" : 1,					"keyC" : 2,					"keyD" : 2,					"keyE" : 1,					"keyF" : 2,					"keyG" : 1,					"keyName" : "D#|Eb"				},				{					"keyA" : 2,					"keyB" : 2,					"keyC" : 3,					"keyD" : 3,					"keyE" : 2,					"keyF" : 3,					"keyG" : 2,					"keyName" : "E"				},				{					"keyA" : 1,					"keyB" : 1,					"keyC" : 2,					"keyD" : 2,					"keyE" : 2,					"keyF" : 2,					"keyG" : 2,					"keyName" : "F"				},				{					"keyA" : 2,					"keyB" : 2,					"keyC" : 3,					"keyD" : 3,					"keyE" : 3,					"keyF" : 3,					"keyG" : 3,					"keyName" : "F#|Gb"				},				{					"keyA" : 2,					"keyB" : 1,					"keyC" : 2,					"keyD" : 2,					"keyE" : 2,					"keyF" : 3,					"keyG" : 2,					"keyName" : "G"				},				{					"keyA" : 1,					"keyB" : 1,					"keyC" : 1,					"keyD" : 1,					"keyE" : 1,					"keyF" : 2,					"keyG" : 2,					"keyName" : "G#|Ab"				},				{					"keyA" : 2,					"keyB" : 2,					"keyC" : 2,					"keyD" : 2,					"keyE" : 2,					"keyF" : 3,					"keyG" : 3,					"keyName" : "A"				},				{					"keyA" : 2,					"keyB" : 1,					"keyC" : 2,					"keyD" : 1,					"keyE" : 1,					"keyF" : 2,					"keyG" : 2,					"keyName" : "A#|Bb"				},				{					"keyA" : 3,					"keyB" : 2,					"keyC" : 3,					"keyD" : 2,					"keyE" : 2,					"keyF" : 3,					"keyG" : 3,					"keyName" : "B"				}			],			"scaleName" : "melodic minor"		}	]}